Transaction_ID,Date,Store_ID,Channel,Product_ID,Product_Category,Quantity,Price_Per_Unit,Discount,Customer_Segment,Region,Revenue
T1000,2024-01-01,8,In-store,144,Clothing,9.0,365.22,0.09,VIP,Central,2991.15
T1001,2024-01-02,10,Online,128,Sports,9.0,381.06,0.37,VIP,South,2160.61
T1002,2024-01-03,17,In-store,123,Beauty,9.0,430.96,0.23,VIP,Central,2986.55
T1003,2024-01-04,1,In-store,141,Electronics,8.0,174.51,0.1,New,North,1256.47
T1004,2024-01-05,7,In-store,104,Electronics,9.0,170.18,0.49,Regular,Central,781.13
T1005,2024-01-06,13,In-store,120,Clothing,6.0,51.67,0.44,Regular,East,173.61
T1006,2024-01-07,9,Online,145,Clothing,7.0,219.03,0.19,New,East,1241.9
T1007,2024-01-08,1,In-store,135,Sports,8.0,97.65,0.1,New,South,703.08
T1008,2024-01-09,7,In-store,147,Sports,3.0,232.5,0.46,New,South,376.65
T1009,2024-01-10,14,In-store,140,Sports,9.0,144.65,0.38,VIP,North,807.15
T1010,2024-01-11,6,Online,147,Beauty,4.0,211.13,0.12,VIP,East,743.18
T1011,2024-01-12,19,Online,123,Beauty,9.0,245.86,0.04,VIP,North,2124.23
T1012,2024-01-13,19,Online,114,Sports,2.0,190.48,0.01,New,Central,377.15
T1013,2024-01-14,5,In-store,146,Electronics,8.0,225.46,0.42,Regular,West,1046.13
T1014,2024-01-15,3,In-store,127,Clothing,8.0,345.24,0.38,Regular,Central,1712.39
T1015,2024-01-16,3,In-store,130,Clothing,1.0,477.62,0.17,Regular,South,396.42
T1016,2024-01-17,19,Online,107,Home & Kitchen,5.0,235.67,0.16,Regular,Central,
T1017,2024-01-18,18,Online,119,Home & Kitchen,5.0,365.99,0.09,VIP,North,1665.25
T1018,2024-01-19,1,Online,113,Sports,,192.1,0.3,VIP,North,268.94
T1019,2024-01-20,1,In-store,109,Clothing,1.0,170.96,0.12,VIP,East,150.44
T1020,2024-01-21,20,Online,132,Sports,1.0,104.51,0.06,VIP,East,98.24
T1021,2024-01-22,11,In-store,150,Sports,4.0,48.65,0.0,New,North,194.6
T1022,2024-01-23,7,In-store,138,Home & Kitchen,10.0,322.51,0.15,VIP,South,
T1023,2024-01-24,3,In-store,133,Beauty,5.0,478.87,0.09,VIP,East,2178.86
T1024,2024-01-25,18,Online,131,Clothing,5.0,478.9,0.33,New,North,1604.31
T1025,2024-01-26,9,Online,105,Beauty,4.0,342.58,0.07,VIP,West,1274.4
T1026,2024-01-27,9,In-store,103,Clothing,6.0,103.73,0.29,New,East,441.89
T1027,2024-01-28,15,Online,129,Electronics,5.0,165.61,0.02,Regular,West,811.49
T1028,2024-01-29,6,Online,118,Beauty,7.0,308.23,0.12,VIP,South,1898.7
T1029,2024-01-30,7,In-store,113,Beauty,3.0,267.86,0.13,Regular,East,699.11
T1030,2024-01-31,16,In-store,136,Electronics,1.0,216.51,0.13,New,North,188.36
T1031,2024-02-01,7,In-store,105,Electronics,4.0,441.93,0.31,New,Central,1219.73
T1032,2024-02-02,14,Online,101,Beauty,7.0,157.16,0.26,New,South,814.09
T1033,2024-02-03,3,Online,106,,10.0,192.41,0.02,Regular,West,1885.62
T1034,2024-02-04,13,In-store,113,Home & Kitchen,5.0,133.0,0.08,New,Central,611.8
T1035,2024-02-05,19,Online,122,Beauty,7.0,222.67,0.05,New,East,1480.76
T1036,2024-02-06,3,Online,104,Clothing,5.0,52.63,0.5,VIP,North,131.58
T1037,2024-02-07,3,Online,111,Electronics,7.0,144.14,0.08,VIP,South,928.26
T1038,2024-02-08,5,Online,124,Home & Kitchen,1.0,398.41,0.46,VIP,Central,215.14
T1039,2024-02-09,12,In-store,102,Beauty,7.0,49.36,0.37,New,East,217.68
T1040,2024-02-10,7,In-store,139,Sports,1.0,258.63,0.13,Regular,East,225.01
T1041,2024-02-11,10,Online,130,Sports,8.0,59.1,0.46,New,North,255.31
T1042,2024-02-12,13,Online,120,Clothing,2.0,163.5,0.15,Regular,South,277.95
T1043,2024-02-13,4,In-store,127,Home & Kitchen,9.0,10.75,0.14,New,West,83.2
T1044,2024-02-14,11,Online,136,Sports,4.0,400.34,0.13,New,South,1393.18
T1045,2024-02-15,3,In-store,109,Clothing,8.0,339.74,0.39,VIP,East,1657.93
T1046,2024-02-16,20,In-store,148,Clothing,3.0,103.74,0.19,Regular,West,252.09
T1047,2024-02-17,17,In-store,144,Home & Kitchen,8.0,63.61,0.48,VIP,East,
T1048,2024-02-18,9,In-store,128,Electronics,4.0,184.92,0.22,New,Central,576.95
T1049,2024-02-19,6,In-store,127,Beauty,7.0,325.77,0.19,New,West,1847.12
T1050,2024-02-20,11,In-store,104,Beauty,6.0,141.27,0.48,New,East,440.76
T1051,2024-02-21,15,Online,138,Sports,8.0,422.57,0.31,VIP,South,2332.59
T1052,2024-02-22,1,In-store,107,Sports,6.0,346.98,0.33,New,North,1394.86
T1053,2024-02-23,15,In-store,149,Clothing,3.0,470.62,0.39,VIP,East,861.23
T1054,2024-02-24,15,Online,102,Clothing,7.0,373.35,0.02,New,East,2561.18
T1055,2024-02-25,14,Online,124,Home & Kitchen,3.0,76.59,0.07,VIP,South,213.69
T1056,2024-02-26,20,Online,145,Sports,9.0,170.71,0.11,VIP,South,1367.39
T1057,2024-02-27,9,Online,115,Clothing,4.0,294.41,0.04,Regular,East,1130.53
T1058,2024-02-28,14,In-store,103,,6.0,446.72,0.19,New,East,2171.06
T1059,2024-02-29,15,In-store,142,Beauty,9.0,83.94,0.34,New,West,498.6
T1060,2024-03-01,11,In-store,103,Beauty,6.0,472.32,0.28,Regular,West,2040.42
T1061,2024-03-02,15,Online,111,Beauty,6.0,326.23,0.08,New,Central,1800.79
T1062,2024-03-03,9,In-store,106,Electronics,9.0,296.62,0.24,New,South,2028.88
T1063,2024-03-04,2,In-store,118,Electronics,9.0,106.19,0.26,New,North,707.23
T1064,2024-03-05,20,In-store,148,Home & Kitchen,4.0,106.91,0.04,New,South,410.53
T1065,2024-03-06,13,In-store,110,,6.0,379.74,0.22,Regular,East,1777.18
T1066,2024-03-07,6,In-store,112,Clothing,2.0,162.11,0.13,VIP,East,282.07
T1067,2024-03-08,6,In-store,144,Home & Kitchen,4.0,362.87,0.12,New,North,1277.3
T1068,2024-03-09,10,Online,105,Electronics,2.0,100.8,0.47,VIP,East,106.85
T1069,2024-03-10,6,In-store,136,Clothing,3.0,341.54,0.36,VIP,North,655.76
T1070,2024-03-11,18,In-store,139,Beauty,9.0,468.45,0.26,VIP,South,3119.88
T1071,2024-03-12,15,Online,146,Sports,6.0,103.47,0.01,Regular,South,614.61
T1072,2024-03-13,20,In-store,141,Electronics,2.0,467.25,0.28,New,North,672.84
T1073,2024-03-14,14,Online,108,Clothing,3.0,154.19,0.47,VIP,North,
T1074,2024-03-15,18,Online,115,Clothing,6.0,57.19,0.38,New,West,212.75
T1075,2024-03-16,4,In-store,103,Sports,3.0,414.79,0.3,Regular,Central,871.06
T1076,2024-03-17,20,Online,132,Electronics,1.0,377.36,0.03,VIP,East,366.04
T1077,2024-03-18,11,Online,134,Sports,3.0,309.21,0.03,VIP,West,899.8
T1078,2024-03-19,1,Online,150,Beauty,8.0,353.67,0.47,Regular,West,1499.56
T1079,2024-03-20,8,Online,121,Beauty,5.0,492.79,0.21,New,North,1946.52
T1080,2024-03-21,11,Online,111,Clothing,10.0,14.51,0.26,VIP,West,107.37
T1081,2024-03-22,6,In-store,144,Sports,6.0,185.72,0.43,New,East,635.16
T1082,2024-03-23,20,Online,115,Sports,1.0,457.81,0.44,Regular,Central,256.37
T1083,2024-03-24,16,In-store,150,Clothing,3.0,361.84,0.41,Regular,South,
T1084,2024-03-25,5,In-store,135,Clothing,4.0,86.4,0.39,VIP,West,210.82
T1085,2024-03-26,13,In-store,110,Electronics,9.0,482.98,0.49,Regular,Central,2216.88
T1086,2024-03-27,11,In-store,142,Sports,,107.72,0.43,New,West,307.0
T1087,2024-03-28,18,Online,118,Beauty,8.0,155.74,0.09,New,North,1133.79
T1088,2024-03-29,10,Online,149,Clothing,2.0,172.49,0.37,New,East,217.34
T1089,2024-03-30,16,Online,126,Beauty,6.0,396.8,0.05,New,East,2261.76
T1090,2024-03-31,1,In-store,101,Sports,3.0,35.27,0.3,VIP,North,
T1091,2024-04-01,14,In-store,105,Beauty,4.0,139.44,0.49,VIP,Central,284.46
T1092,2024-04-02,19,Online,108,Beauty,7.0,269.61,0.29,Regular,South,1339.96
T1093,2024-04-03,11,Online,101,Sports,6.0,185.95,0.01,VIP,North,1104.54
T1094,2024-04-04,8,Online,104,Clothing,1.0,6.96,0.26,VIP,South,5.15
T1095,2024-04-05,5,In-store,110,Home & Kitchen,3.0,271.81,0.28,VIP,Central,587.11
T1096,2024-04-06,9,In-store,125,Home & Kitchen,9.0,17.53,0.27,Regular,East,115.17
T1097,2024-04-07,11,Online,138,Home & Kitchen,3.0,200.47,0.5,Regular,Central,300.7
T1098,2024-04-08,20,Online,118,Beauty,1.0,437.57,0.41,VIP,East,
T1099,2024-04-09,10,Online,111,Sports,7.0,352.79,0.47,VIP,West,1308.85
T1100,2024-04-10,18,Online,135,Clothing,2.0,267.27,0.38,VIP,East,331.41
T1101,2024-04-11,3,Online,127,Clothing,4.0,258.37,0.49,VIP,Central,527.07
T1102,2024-04-12,7,Online,136,Clothing,3.0,213.73,0.48,New,West,333.42
T1103,2024-04-13,12,In-store,102,Electronics,3.0,329.11,0.18,New,South,809.61
T1104,2024-04-14,5,In-store,136,Beauty,9.0,341.57,0.19,New,North,2490.05
T1105,2024-04-15,8,In-store,147,Home & Kitchen,4.0,337.14,0.43,New,Central,768.68
T1106,2024-04-16,11,In-store,144,Sports,2.0,253.36,0.33,Regular,North,339.5
T1107,2024-04-17,8,In-store,113,Electronics,9.0,405.18,0.11,New,East,3245.49
T1108,2024-04-18,20,Online,126,Clothing,,194.49,0.4,VIP,East,116.69
T1109,2024-04-19,7,Online,121,Clothing,2.0,87.86,0.48,VIP,West,91.37
T1110,2024-04-20,3,Online,133,Beauty,8.0,159.05,0.07,Regular,Central,1183.33
T1111,2024-04-21,5,Online,140,Electronics,5.0,266.71,0.19,VIP,Central,1080.18
T1112,2024-04-22,4,Online,116,Electronics,10.0,120.49,0.42,VIP,South,698.84
T1113,2024-04-23,13,In-store,137,Electronics,10.0,308.03,0.1,VIP,West,2772.27
T1114,2024-04-24,17,In-store,132,Electronics,8.0,94.72,0.1,VIP,South,681.98
T1115,2024-04-25,10,In-store,137,Home & Kitchen,10.0,415.06,0.48,Regular,South,2158.31
T1116,2024-04-26,8,Online,113,Electronics,10.0,334.93,0.08,VIP,South,3081.36
T1117,2024-04-27,4,In-store,125,Home & Kitchen,10.0,305.87,0.26,New,East,2263.44
T1118,2024-04-28,3,In-store,119,Clothing,9.0,21.41,0.25,New,South,144.52
T1119,2024-04-29,4,In-store,143,Beauty,4.0,326.09,0.48,Regular,Central,678.27
T1120,2024-04-30,16,Online,141,Electronics,3.0,400.86,0.15,Regular,East,1022.19
T1121,2024-05-01,2,In-store,112,Clothing,7.0,90.65,0.09,Regular,North,577.44
T1122,2024-05-02,7,Online,139,Sports,10.0,332.17,0.01,VIP,North,3288.48
T1123,2024-05-03,14,Online,121,Home & Kitchen,4.0,138.75,0.42,Regular,Central,321.9
T1124,2024-05-04,18,Online,106,,8.0,193.4,0.47,Regular,South,820.02
T1125,2024-05-05,20,Online,149,Sports,5.0,10.28,0.48,Regular,South,26.73
T1126,2024-05-06,11,In-store,149,Sports,7.0,374.67,0.42,Regular,Central,1521.16
T1127,2024-05-07,9,In-store,101,Clothing,6.0,167.84,0.21,Regular,South,795.56
T1128,2024-05-08,14,In-store,121,Clothing,2.0,192.49,0.1,Regular,South,
T1129,2024-05-09,19,In-store,139,Clothing,2.0,306.15,0.25,VIP,East,
T1130,2024-05-10,18,Online,119,Clothing,3.0,431.71,0.18,VIP,South,1062.01
T1131,2024-05-11,6,In-store,149,Clothing,10.0,442.66,0.04,New,Central,4249.54
T1132,2024-05-12,17,Online,146,Sports,7.0,456.7,0.05,New,East,3037.05
T1133,2024-05-13,16,In-store,119,Home & Kitchen,8.0,249.71,0.34,VIP,East,1318.47
T1134,2024-05-14,2,In-store,149,Home & Kitchen,4.0,254.09,0.17,New,Central,843.58
T1135,2024-05-15,5,In-store,145,Home & Kitchen,9.0,388.14,0.44,New,North,1956.23
T1136,2024-05-16,14,In-store,141,Clothing,9.0,439.72,0.33,VIP,West,2651.51
T1137,2024-05-17,19,Online,148,Beauty,7.0,48.47,0.48,VIP,Central,176.43
T1138,2024-05-18,1,Online,128,Beauty,9.0,49.17,0.37,VIP,Central,278.79
T1139,2024-05-19,13,Online,123,Sports,3.0,158.32,0.25,VIP,South,356.22
T1140,2024-05-20,1,In-store,104,Clothing,6.0,153.82,0.45,VIP,Central,507.61
T1141,2024-05-21,8,Online,101,Electronics,9.0,84.74,0.08,New,West,701.65
T1142,2024-05-22,2,In-store,104,Electronics,10.0,478.0,0.46,New,East,2581.2
T1143,2024-05-23,20,In-store,132,Clothing,1.0,325.89,0.08,Regular,North,299.82
T1144,2024-05-24,10,In-store,109,Beauty,6.0,24.11,0.36,New,North,92.58
T1145,2024-05-25,17,In-store,132,Home & Kitchen,1.0,353.54,0.18,New,Central,289.9
T1146,2024-05-26,11,In-store,131,Beauty,2.0,188.55,0.37,VIP,North,237.57
T1147,2024-05-27,18,Online,109,Sports,2.0,95.6,0.47,Regular,Central,101.34
T1148,2024-05-28,5,Online,143,Beauty,8.0,165.72,0.33,Regular,East,888.26
T1149,2024-05-29,9,Online,147,Beauty,7.0,457.34,0.28,Regular,North,2304.99
T1150,2024-05-30,7,In-store,108,Beauty,1.0,479.62,0.05,VIP,South,455.64
T1151,2024-05-31,10,In-store,101,Electronics,2.0,150.41,0.15,Regular,West,255.7
T1152,2024-06-01,16,Online,133,Home & Kitchen,5.0,53.25,0.15,New,North,226.31
T1153,2024-06-02,2,In-store,109,Beauty,8.0,161.7,0.01,VIP,North,1280.66
T1154,2024-06-03,18,In-store,142,Beauty,1.0,475.82,0.11,New,West,423.48
T1155,2024-06-04,7,In-store,130,Home & Kitchen,10.0,42.29,0.29,Regular,South,300.26
T1156,2024-06-05,6,In-store,123,Beauty,8.0,168.75,0.1,New,North,1215.0
T1157,2024-06-06,17,Online,149,Beauty,7.0,57.02,0.26,VIP,North,295.36
T1158,2024-06-07,8,Online,113,Clothing,6.0,222.38,0.26,New,South,987.37
T1159,2024-06-08,20,Online,102,Home & Kitchen,4.0,476.2,0.47,New,Central,1009.54
T1160,2024-06-09,6,Online,103,Beauty,7.0,359.16,0.02,Regular,North,2463.84
T1161,2024-06-10,14,In-store,149,Sports,5.0,430.78,0.46,VIP,West,1163.11
T1162,2024-06-11,6,Online,150,Sports,2.0,281.22,0.05,Regular,South,
T1163,2024-06-12,14,Online,133,,3.0,315.1,0.29,VIP,South,671.16
T1164,2024-06-13,10,In-store,122,Beauty,1.0,367.12,0.39,Regular,Central,223.94
T1165,2024-06-14,2,Online,150,Beauty,2.0,214.41,0.47,New,North,227.27
T1166,2024-06-15,6,In-store,109,Home & Kitchen,5.0,32.92,0.18,VIP,North,134.97
T1167,2024-06-16,6,Online,146,Home & Kitchen,9.0,289.36,0.32,Regular,North,1770.88
T1168,2024-06-17,10,Online,142,Sports,4.0,313.64,0.25,Regular,South,940.92
T1169,2024-06-18,13,In-store,142,Clothing,8.0,166.68,0.32,Regular,West,906.74
T1170,2024-06-19,3,Online,115,Clothing,8.0,478.88,0.08,New,South,3524.56
T1171,2024-06-20,7,In-store,118,Electronics,6.0,52.99,0.45,Regular,South,
T1172,2024-06-21,3,In-store,103,Sports,5.0,63.31,0.02,VIP,North,310.22
T1173,2024-06-22,6,Online,133,Electronics,9.0,376.39,0.04,VIP,East,3252.01
T1174,2024-06-23,3,Online,119,Clothing,3.0,213.54,0.18,New,East,525.31
T1175,2024-06-24,13,Online,130,Clothing,4.0,76.83,0.32,VIP,East,208.98
T1176,2024-06-25,16,Online,103,Clothing,2.0,368.33,0.47,New,South,
T1177,2024-06-26,1,Online,146,Electronics,3.0,188.36,0.35,VIP,Central,367.3
T1178,2024-06-27,7,In-store,128,Home & Kitchen,3.0,233.57,0.48,Regular,North,364.37
T1179,2024-06-28,11,Online,129,Clothing,6.0,469.4,0.08,New,West,2591.09
T1180,2024-06-29,20,In-store,149,Sports,2.0,415.03,0.25,Regular,North,622.54
T1181,2024-06-30,10,In-store,108,Sports,4.0,143.76,0.42,New,North,333.52
T1182,2024-07-01,9,Online,122,Home & Kitchen,1.0,493.44,0.04,VIP,Central,473.7
T1183,2024-07-02,10,In-store,110,Sports,10.0,405.93,0.43,VIP,South,2313.8
T1184,2024-07-03,4,In-store,125,Beauty,3.0,247.61,0.28,VIP,North,534.84
T1185,2024-07-04,14,In-store,108,Electronics,10.0,412.51,0.2,Regular,West,3300.08
T1186,2024-07-05,20,In-store,146,Sports,10.0,6.95,0.2,Regular,East,55.6
T1187,2024-07-06,17,In-store,102,Beauty,9.0,311.72,0.49,VIP,East,1430.79
T1188,2024-07-07,5,Online,133,Electronics,5.0,78.79,0.21,New,South,311.22
T1189,2024-07-08,16,Online,141,Sports,7.0,85.98,0.46,New,North,325.0
T1190,2024-07-09,15,Online,140,Electronics,4.0,485.09,0.22,New,South,1513.48
T1191,2024-07-10,3,Online,130,Clothing,3.0,339.6,0.12,VIP,South,896.54
T1192,2024-07-11,2,In-store,141,Beauty,1.0,470.47,0.18,VIP,East,385.79
T1193,2024-07-12,20,In-store,128,Home & Kitchen,10.0,270.16,0.29,Regular,East,1918.14
T1194,2024-07-13,12,In-store,114,Electronics,5.0,391.9,0.18,VIP,North,1606.79
T1195,2024-07-14,6,In-store,133,Clothing,9.0,302.85,0.01,New,West,2698.39
T1196,2024-07-15,19,Online,120,Home & Kitchen,3.0,95.72,0.25,Regular,North,215.37
T1197,2024-07-16,17,In-store,105,Home & Kitchen,1.0,439.64,0.11,Regular,East,391.28
T1198,2024-07-17,16,Online,101,Beauty,2.0,375.27,0.3,VIP,East,525.38
T1199,2024-07-18,7,In-store,101,Sports,9.0,233.46,0.12,New,East,1849.0
T1200,2024-07-19,19,In-store,136,Home & Kitchen,8.0,46.98,0.2,VIP,West,300.67
T1201,2024-07-20,4,In-store,104,Clothing,8.0,254.32,0.41,Regular,Central,1200.39
T1202,2024-07-21,11,Online,141,Electronics,3.0,270.11,0.44,Regular,North,453.78
T1203,2024-07-22,20,Online,141,Home & Kitchen,1.0,229.9,0.25,VIP,Central,172.43
T1204,2024-07-23,1,In-store,150,Beauty,5.0,100.77,0.19,New,West,
T1205,2024-07-24,11,In-store,143,Electronics,10.0,390.82,0.28,VIP,Central,2813.9
T1206,2024-07-25,15,Online,139,,6.0,56.37,0.31,New,West,233.37
T1207,2024-07-26,16,Online,112,Clothing,6.0,47.1,0.31,VIP,North,194.99
T1208,2024-07-27,10,Online,125,Clothing,6.0,470.43,0.29,New,North,2004.03
T1209,2024-07-28,14,In-store,126,Electronics,6.0,217.85,0.04,VIP,East,1254.82
T1210,2024-07-29,19,In-store,112,Clothing,4.0,29.33,0.42,New,Central,68.05
T1211,2024-07-30,13,Online,135,Home & Kitchen,9.0,263.91,0.06,VIP,West,2232.68
T1212,2024-07-31,20,Online,107,Sports,2.0,208.72,0.3,Regular,North,292.21
T1213,2024-08-01,10,Online,117,Home & Kitchen,1.0,223.24,0.11,New,East,198.68
T1214,2024-08-02,3,Online,124,Sports,3.0,227.42,0.27,VIP,North,498.05
T1215,2024-08-03,4,Online,150,Clothing,9.0,24.45,0.38,Regular,West,136.43
T1216,2024-08-04,10,Online,104,Beauty,3.0,499.58,0.23,Regular,South,1154.03
T1217,2024-08-05,11,In-store,116,Clothing,1.0,31.85,0.29,New,West,22.61
T1218,2024-08-06,20,In-store,127,Clothing,7.0,101.98,0.23,VIP,West,549.67
T1219,2024-08-07,10,In-store,148,Home & Kitchen,1.0,431.16,0.09,VIP,South,392.36
T1220,2024-08-08,5,Online,104,Home & Kitchen,6.0,147.04,0.21,VIP,South,696.97
T1221,2024-08-09,5,In-store,133,Beauty,10.0,310.12,0.11,New,Central,2760.07
T1222,2024-08-10,13,In-store,118,Beauty,3.0,397.24,0.29,VIP,West,846.12
T1223,2024-08-11,4,Online,148,Beauty,4.0,297.18,0.19,New,Central,962.86
T1224,2024-08-12,6,In-store,139,Clothing,6.0,146.11,0.34,VIP,North,578.6
T1225,2024-08-13,5,Online,136,Home & Kitchen,2.0,257.42,0.36,Regular,South,329.5
T1226,2024-08-14,7,Online,133,,1.0,115.09,0.15,New,Central,97.83
T1227,2024-08-15,11,In-store,134,Electronics,6.0,442.63,0.02,VIP,Central,2602.66
T1228,2024-08-16,5,In-store,129,Sports,3.0,265.7,0.05,VIP,North,757.24
T1229,2024-08-17,13,In-store,115,Sports,3.0,162.48,0.28,New,West,350.96
T1230,2024-08-18,11,Online,147,Beauty,3.0,185.11,0.43,VIP,Central,316.54
T1231,2024-08-19,10,Online,120,Beauty,7.0,332.39,0.12,New,North,2047.52
T1232,2024-08-20,4,In-store,107,Electronics,6.0,469.66,0.18,VIP,East,2310.73
T1233,2024-08-21,20,Online,147,Sports,10.0,292.21,0.08,Regular,South,2688.33
T1234,2024-08-22,3,Online,102,Home & Kitchen,2.0,42.5,0.1,VIP,West,76.5
T1235,2024-08-23,15,Online,137,Clothing,1.0,31.5,0.23,New,West,24.25
T1236,2024-08-24,14,Online,113,Electronics,9.0,61.49,0.21,Regular,Central,437.19
T1237,2024-08-25,7,Online,130,Electronics,9.0,499.87,0.38,New,East,2789.27
T1238,2024-08-26,2,Online,123,Electronics,6.0,15.99,0.44,VIP,Central,53.73
T1239,2024-08-27,4,Online,122,Electronics,3.0,406.8,0.13,VIP,Central,1061.75
T1240,2024-08-28,1,Online,132,Beauty,4.0,493.55,0.48,New,Central,1026.58
T1241,2024-08-29,13,In-store,110,Clothing,4.0,239.18,0.28,Regular,West,688.84
T1242,2024-08-30,16,In-store,112,Beauty,9.0,193.21,0.39,VIP,East,1060.72
T1243,2024-08-31,3,Online,123,Sports,5.0,429.57,0.37,VIP,Central,1353.15
T1244,2024-09-01,17,Online,146,Clothing,8.0,459.66,0.45,Regular,North,2022.5
T1245,2024-09-02,14,In-store,122,Beauty,3.0,140.84,0.01,VIP,Central,418.29
T1246,2024-09-03,15,Online,118,Beauty,6.0,156.41,0.34,VIP,South,619.38
T1247,2024-09-04,3,Online,147,Beauty,10.0,239.6,0.19,Regular,East,1940.76
T1248,2024-09-05,3,In-store,105,Electronics,7.0,112.19,0.34,Regular,West,518.32
T1249,2024-09-06,11,In-store,132,Home & Kitchen,4.0,125.6,0.42,Regular,North,
T1250,2024-09-07,18,In-store,122,Clothing,10.0,34.99,0.43,VIP,Central,199.44
T1251,2024-09-08,14,Online,140,Beauty,4.0,270.49,0.36,Regular,North,692.45
T1252,2024-09-09,2,In-store,125,Clothing,9.0,206.5,0.26,VIP,South,1375.29
T1253,2024-09-10,19,In-store,115,Beauty,6.0,249.67,0.45,VIP,South,823.91
T1254,2024-09-11,20,Online,147,Home & Kitchen,1.0,239.13,0.28,VIP,North,172.17
T1255,2024-09-12,18,Online,126,Beauty,2.0,275.27,0.17,Regular,Central,456.95
T1256,2024-09-13,2,Online,139,Beauty,3.0,60.36,0.01,Regular,North,179.27
T1257,2024-09-14,7,Online,109,Home & Kitchen,3.0,305.83,0.25,New,West,688.12
T1258,2024-09-15,19,In-store,101,Electronics,7.0,338.63,0.28,Regular,East,1706.7
T1259,2024-09-16,10,Online,106,Clothing,10.0,375.14,0.02,New,Central,3676.37
T1260,2024-09-17,5,Online,150,Clothing,3.0,259.31,0.26,VIP,Central,575.67
T1261,2024-09-18,11,In-store,141,Clothing,10.0,418.07,0.33,Regular,West,2801.07
T1262,2024-09-19,13,In-store,123,Clothing,5.0,140.02,0.48,New,Central,364.05
T1263,2024-09-20,17,In-store,140,Beauty,9.0,34.98,0.21,New,North,248.71
T1264,2024-09-21,4,Online,119,Beauty,4.0,25.54,0.36,Regular,South,65.38
T1265,2024-09-22,17,Online,128,Home & Kitchen,7.0,63.12,0.5,VIP,East,220.92
T1266,2024-09-23,17,Online,101,Clothing,1.0,103.44,0.27,VIP,Central,75.51
T1267,2024-09-24,13,In-store,124,Home & Kitchen,2.0,173.82,0.33,New,West,232.92
T1268,2024-09-25,4,In-store,147,Home & Kitchen,6.0,290.5,0.22,Regular,West,1359.54
T1269,2024-09-26,16,In-store,111,Sports,10.0,366.9,0.22,New,East,2861.82
T1270,2024-09-27,17,Online,107,Beauty,1.0,432.91,0.18,VIP,North,354.99
T1271,2024-09-28,18,In-store,144,Beauty,4.0,425.45,0.32,VIP,North,1157.22
T1272,2024-09-29,10,In-store,142,Clothing,,59.91,0.27,VIP,East,306.14
T1273,2024-09-30,11,In-store,108,Beauty,7.0,183.32,0.07,Regular,East,1193.41
T1274,2024-10-01,20,Online,118,Home & Kitchen,,126.65,0.47,Regular,North,201.37
T1275,2024-10-02,19,Online,102,Beauty,9.0,390.33,0.46,VIP,East,1897.0
T1276,2024-10-03,3,In-store,128,Sports,2.0,16.06,0.32,New,South,21.84
T1277,2024-10-04,12,In-store,133,Home & Kitchen,10.0,398.33,0.44,New,East,2230.65
T1278,2024-10-05,2,Online,108,Clothing,3.0,294.05,0.39,Regular,East,538.11
T1279,2024-10-06,17,Online,112,Clothing,7.0,419.04,0.26,Regular,East,2170.63
T1280,2024-10-07,3,Online,118,Sports,4.0,274.83,0.15,New,South,934.42
T1281,2024-10-08,4,Online,131,,10.0,37.47,0.42,New,West,217.33
T1282,2024-10-09,14,Online,125,Sports,7.0,373.26,0.09,VIP,East,2377.67
T1283,2024-10-10,19,In-store,140,Sports,3.0,6.93,0.02,Regular,Central,20.37
T1284,2024-10-11,6,Online,117,Beauty,4.0,174.55,0.44,New,South,390.99
T1285,2024-10-12,8,In-store,113,,3.0,281.1,0.41,VIP,East,497.55
T1286,2024-10-13,16,Online,142,Beauty,3.0,259.78,0.49,New,East,397.46
T1287,2024-10-14,18,In-store,101,Home & Kitchen,4.0,182.44,0.29,VIP,Central,518.13
T1288,2024-10-15,10,In-store,137,Beauty,1.0,355.08,0.27,New,Central,259.21
T1289,2024-10-16,2,In-store,140,,1.0,397.76,0.35,VIP,Central,258.54
T1290,2024-10-17,11,Online,111,Sports,8.0,256.9,0.49,New,Central,1048.15
T1291,2024-10-18,1,In-store,121,Sports,1.0,492.73,0.46,VIP,South,266.07
T1292,2024-10-19,6,In-store,110,Beauty,6.0,304.67,0.14,VIP,East,1572.1
T1293,2024-10-20,4,Online,119,Sports,10.0,473.69,0.47,VIP,South,
T1294,2024-10-21,7,Online,139,Home & Kitchen,1.0,489.52,0.03,New,North,474.83
T1295,2024-10-22,6,Online,124,Electronics,1.0,241.22,0.2,VIP,East,192.98
T1296,2024-10-23,12,In-store,133,Home & Kitchen,3.0,153.92,0.21,New,South,364.79
T1297,2024-10-24,4,Online,108,Electronics,8.0,38.38,0.39,VIP,South,187.29
T1298,2024-10-25,15,In-store,137,Sports,5.0,78.67,0.45,Regular,Central,216.34
T1299,2024-10-26,20,In-store,109,Clothing,4.0,357.08,0.28,VIP,West,1028.39
T1300,2024-10-27,20,Online,103,Sports,3.0,381.74,0.1,Regular,South,1030.7
T1301,2024-10-28,4,Online,149,Beauty,6.0,163.34,0.2,Regular,South,784.03
T1302,2024-10-29,12,Online,148,Clothing,2.0,225.83,0.11,Regular,Central,
T1303,2024-10-30,11,In-store,124,Home & Kitchen,8.0,344.98,0.03,New,West,2677.04
T1304,2024-10-31,8,In-store,145,Clothing,6.0,74.85,0.01,New,West,444.61
T1305,2024-11-01,9,In-store,124,Beauty,4.0,81.29,0.39,Regular,North,198.35
T1306,2024-11-02,9,In-store,109,Electronics,1.0,90.57,0.17,VIP,South,75.17
T1307,2024-11-03,16,Online,145,Sports,2.0,432.78,0.38,Regular,South,536.65
T1308,2024-11-04,13,In-store,108,Sports,10.0,247.45,0.18,New,North,2029.09
T1309,2024-11-05,11,Online,113,Sports,9.0,335.15,0.3,VIP,East,2111.44
T1310,2024-11-06,15,In-store,121,Home & Kitchen,5.0,239.39,0.18,New,South,981.5
T1311,2024-11-07,4,In-store,112,Clothing,5.0,382.56,0.49,VIP,North,975.53
T1312,2024-11-08,12,In-store,147,Home & Kitchen,3.0,210.35,0.26,VIP,East,466.98
T1313,2024-11-09,18,In-store,116,Sports,2.0,343.07,0.3,New,North,480.3
T1314,2024-11-10,12,In-store,129,Beauty,2.0,65.7,0.32,New,East,89.35
T1315,2024-11-11,17,Online,106,Sports,3.0,146.6,0.39,Regular,South,268.28
T1316,2024-11-12,14,Online,147,Electronics,2.0,284.0,0.16,VIP,West,477.12
T1317,2024-11-13,20,In-store,126,Home & Kitchen,8.0,98.64,0.42,Regular,Central,457.69
T1318,2024-11-14,12,In-store,103,Sports,6.0,347.6,0.23,New,Central,1605.91
T1319,2024-11-15,11,Online,127,Beauty,10.0,198.52,0.38,New,Central,1230.82
T1320,2024-11-16,2,Online,137,Electronics,7.0,86.14,0.09,Regular,North,548.71
T1321,2024-11-17,17,Online,148,Beauty,3.0,460.3,0.04,VIP,Central,1325.66
T1322,2024-11-18,13,In-store,131,Beauty,,291.96,0.03,VIP,Central,566.4
T1323,2024-11-19,10,Online,120,Electronics,10.0,484.66,0.25,Regular,Central,3634.95
T1324,2024-11-20,12,Online,134,,10.0,103.42,0.35,VIP,West,672.23
T1325,2024-11-21,14,Online,125,Clothing,7.0,366.94,0.4,VIP,West,1541.15
T1326,2024-11-22,1,In-store,136,Sports,7.0,455.13,0.42,VIP,Central,1847.83
T1327,2024-11-23,17,Online,105,Beauty,4.0,264.89,0.18,VIP,North,868.84
T1328,2024-11-24,14,Online,114,,4.0,227.09,0.34,Regular,Central,599.52
T1329,2024-11-25,18,In-store,147,Sports,8.0,319.5,0.45,Regular,North,1405.8
T1330,2024-11-26,12,Online,143,Clothing,6.0,68.09,0.4,Regular,North,245.12
T1331,2024-11-27,4,In-store,140,Sports,5.0,452.25,0.39,New,West,1379.36
T1332,2024-11-28,7,Online,101,Electronics,2.0,354.37,0.42,Regular,South,411.07
T1333,2024-11-29,16,Online,139,Electronics,6.0,102.16,0.33,Regular,South,410.68
T1334,2024-11-30,17,Online,132,Beauty,9.0,434.23,0.22,New,West,3048.29
T1335,2024-12-01,15,In-store,146,Beauty,2.0,281.57,0.21,New,East,444.88
T1336,2024-12-02,10,In-store,136,Sports,10.0,458.23,0.06,VIP,East,4307.36
T1337,2024-12-03,18,Online,109,Home & Kitchen,2.0,5.11,0.3,Regular,Central,7.15
T1338,2024-12-04,19,Online,136,Clothing,5.0,30.61,0.05,New,North,145.4
T1339,2024-12-05,11,In-store,125,Electronics,2.0,179.38,0.15,VIP,North,304.95
T1340,2024-12-06,11,Online,139,Clothing,5.0,447.81,0.41,New,North,1321.04
T1341,2024-12-07,12,Online,119,Sports,10.0,49.32,0.03,Regular,South,
T1342,2024-12-08,13,In-store,146,Clothing,9.0,237.66,0.14,Regular,East,1839.49
T1343,2024-12-09,7,In-store,127,Beauty,8.0,41.08,0.28,VIP,South,236.62
T1344,2024-12-10,2,Online,147,Sports,9.0,94.52,0.48,New,East,442.35
T1345,2024-12-11,20,In-store,103,Clothing,1.0,388.43,0.41,VIP,South,229.17
T1346,2024-12-12,9,In-store,115,Home & Kitchen,4.0,417.6,0.23,VIP,North,1286.21
T1347,2024-12-13,2,Online,111,Electronics,6.0,389.44,0.24,Regular,North,1775.85
T1348,2024-12-14,6,Online,147,Electronics,6.0,422.74,0.01,Regular,East,2511.08
T1349,2024-12-15,10,Online,129,Beauty,9.0,446.54,0.33,New,West,2692.64
T1350,2024-12-16,11,In-store,138,Home & Kitchen,4.0,301.78,0.03,New,Central,1170.91
T1351,2024-12-17,19,In-store,142,Home & Kitchen,1.0,161.54,0.27,New,East,117.92
T1352,2024-12-18,9,In-store,139,Clothing,3.0,25.8,0.1,New,East,69.66
T1353,2024-12-19,9,Online,105,Home & Kitchen,9.0,312.76,0.17,VIP,East,2336.32
T1354,2024-12-20,13,Online,145,Electronics,7.0,362.83,0.28,Regular,Central,1828.66
T1355,2024-12-21,13,In-store,107,Home & Kitchen,9.0,483.25,0.21,Regular,South,3435.91
T1356,2024-12-22,13,Online,110,Beauty,10.0,209.43,0.3,VIP,North,1466.01
T1357,2024-12-23,10,In-store,103,Sports,6.0,187.5,0.42,Regular,Central,652.5
T1358,2024-12-24,3,In-store,117,Home & Kitchen,5.0,143.82,0.28,Regular,Central,517.75
T1359,2024-12-25,20,Online,113,Clothing,3.0,36.66,0.23,Regular,South,84.68
T1360,2024-12-26,14,In-store,139,Home & Kitchen,4.0,26.88,0.08,VIP,South,98.92
T1361,2024-12-27,5,In-store,103,Home & Kitchen,8.0,134.8,0.14,VIP,East,927.42
T1362,2024-12-28,17,In-store,117,Home & Kitchen,8.0,243.06,0.25,VIP,South,1458.36
T1363,2024-12-29,4,Online,118,Electronics,7.0,386.95,0.12,Regular,North,2383.61
T1364,2024-12-30,4,In-store,136,Sports,10.0,390.98,0.22,New,North,3049.64
T1365,2024-12-31,10,In-store,147,Home & Kitchen,7.0,302.15,0.25,New,South,1586.29
T1366,2025-01-01,12,Online,122,Home & Kitchen,10.0,418.2,0.19,New,South,3387.42
T1367,2025-01-02,1,In-store,109,Sports,3.0,369.76,0.47,VIP,West,587.92
T1368,2025-01-03,12,Online,116,Clothing,5.0,216.9,0.37,VIP,East,683.24
T1369,2025-01-04,2,In-store,106,Home & Kitchen,8.0,387.84,0.38,VIP,North,1923.69
T1370,2025-01-05,4,Online,112,Clothing,10.0,413.38,0.36,New,South,2645.63
T1371,2025-01-06,19,Online,113,Home & Kitchen,3.0,338.75,0.22,Regular,Central,792.68
T1372,2025-01-07,1,Online,108,Sports,,206.39,0.14,New,West,1242.47
T1373,2025-01-08,16,Online,107,Sports,2.0,287.76,0.25,Regular,East,431.64
T1374,2025-01-09,11,In-store,104,Home & Kitchen,9.0,284.98,0.35,Regular,North,1667.13
T1375,2025-01-10,6,In-store,141,Home & Kitchen,7.0,481.94,0.13,VIP,South,2935.01
T1376,2025-01-11,9,In-store,128,Beauty,8.0,376.08,0.29,VIP,Central,2136.13
T1377,2025-01-12,1,Online,125,Beauty,4.0,469.65,0.43,VIP,Central,1070.8
T1378,2025-01-13,13,In-store,109,Home & Kitchen,5.0,59.38,0.03,VIP,West,287.99
T1379,2025-01-14,10,In-store,147,Sports,8.0,319.01,0.27,VIP,South,1863.02
T1380,2025-01-15,8,In-store,140,Clothing,9.0,171.45,0.07,VIP,East,1435.04
T1381,2025-01-16,14,In-store,118,Sports,2.0,102.3,0.25,Regular,Central,153.45
T1382,2025-01-17,2,Online,123,Clothing,7.0,97.6,0.35,Regular,West,444.08
T1383,2025-01-18,7,In-store,118,Clothing,8.0,162.29,0.27,New,Central,947.77
T1384,2025-01-19,2,In-store,148,Beauty,5.0,414.73,0.05,New,North,1969.97
T1385,2025-01-20,2,Online,126,Clothing,10.0,319.16,0.42,VIP,West,1851.13
T1386,2025-01-21,11,Online,127,Clothing,4.0,44.31,0.0,New,South,177.24
T1387,2025-01-22,17,Online,149,Beauty,7.0,329.71,0.31,New,South,1592.5
T1388,2025-01-23,1,Online,131,Electronics,9.0,267.21,0.08,New,South,2212.5
T1389,2025-01-24,20,Online,111,Electronics,5.0,183.54,0.36,Regular,North,587.33
T1390,2025-01-25,14,Online,109,Sports,2.0,282.33,0.43,New,North,321.86
T1391,2025-01-26,13,In-store,129,Clothing,2.0,224.36,0.31,VIP,West,309.62
T1392,2025-01-27,13,Online,133,Home & Kitchen,2.0,323.84,0.2,Regular,East,518.14
T1393,2025-01-28,11,In-store,114,Home & Kitchen,7.0,273.37,0.23,New,West,1473.46
T1394,2025-01-29,19,In-store,150,Beauty,10.0,185.01,0.03,Regular,Central,1794.6
T1395,2025-01-30,5,In-store,139,Clothing,3.0,421.5,0.23,Regular,Central,973.67
T1396,2025-01-31,15,In-store,109,Electronics,1.0,194.1,0.42,Regular,Central,112.58
T1397,2025-02-01,11,In-store,103,,9.0,298.51,0.28,Regular,West,1934.34
T1398,2025-02-02,8,In-store,101,,8.0,341.28,0.02,New,East,2675.64
T1399,2025-02-03,14,Online,138,Clothing,5.0,221.8,0.19,VIP,North,898.29
T1400,2025-02-04,8,Online,129,Sports,2.0,499.91,0.33,Regular,West,669.88
T1401,2025-02-05,16,Online,116,Sports,3.0,255.42,0.49,VIP,North,390.79
T1402,2025-02-06,9,In-store,104,Clothing,5.0,298.53,0.05,New,Central,1418.02
T1403,2025-02-07,12,In-store,126,Beauty,1.0,122.24,0.25,VIP,North,91.68
T1404,2025-02-08,12,Online,127,Beauty,8.0,316.9,0.25,VIP,East,1901.4
T1405,2025-02-09,10,In-store,121,Clothing,7.0,27.91,0.15,New,South,166.06
T1406,2025-02-10,14,In-store,138,Electronics,4.0,220.4,0.3,New,Central,617.12
T1407,2025-02-11,15,Online,132,Electronics,6.0,335.72,0.39,Regular,East,1228.74
T1408,2025-02-12,10,In-store,117,,7.0,36.66,0.07,New,Central,238.66
T1409,2025-02-13,8,Online,122,Sports,3.0,112.5,0.32,VIP,South,229.5
T1410,2025-02-14,12,Online,103,Home & Kitchen,3.0,130.96,0.17,Regular,Central,326.09
T1411,2025-02-15,12,In-store,130,Beauty,1.0,148.49,0.24,VIP,South,112.85
T1412,2025-02-16,1,Online,102,Beauty,8.0,131.46,0.47,Regular,Central,557.39
T1413,2025-02-17,19,In-store,104,Sports,7.0,117.81,0.03,New,Central,799.93
T1414,2025-02-18,6,Online,130,Beauty,9.0,336.22,0.1,VIP,East,2723.38
T1415,2025-02-19,7,In-store,134,Home & Kitchen,8.0,28.19,0.42,Regular,Central,130.8
T1416,2025-02-20,16,Online,116,Home & Kitchen,6.0,358.29,0.2,Regular,Central,1719.79
T1417,2025-02-21,15,In-store,145,Electronics,9.0,14.09,0.3,VIP,West,88.77
T1418,2025-02-22,3,Online,103,Home & Kitchen,4.0,436.52,0.3,New,Central,1222.26
T1419,2025-02-23,13,Online,124,Electronics,8.0,402.1,0.2,VIP,East,2573.44
T1420,2025-02-24,12,In-store,117,Electronics,2.0,236.8,0.14,Regular,South,407.3
T1421,2025-02-25,19,In-store,128,Sports,10.0,188.27,0.05,New,North,1788.57
T1422,2025-02-26,13,Online,118,Beauty,10.0,165.18,0.08,New,East,1519.66
T1423,2025-02-27,18,Online,129,Beauty,2.0,372.47,0.23,New,North,573.6
T1424,2025-02-28,19,Online,131,Electronics,2.0,39.81,0.15,VIP,East,67.68
T1425,2025-03-01,14,Online,138,Beauty,7.0,358.19,0.15,New,North,2131.23
T1426,2025-03-02,4,In-store,115,Clothing,1.0,104.93,0.34,VIP,East,69.25
T1427,2025-03-03,5,Online,148,Beauty,1.0,196.83,0.3,New,Central,137.78
T1428,2025-03-04,17,Online,135,Clothing,2.0,121.61,0.21,Regular,Central,192.14
T1429,2025-03-05,9,In-store,125,Sports,8.0,459.31,0.23,VIP,North,2829.35
T1430,2025-03-06,1,In-store,133,Beauty,4.0,380.05,0.22,VIP,East,1185.76
T1431,2025-03-07,13,Online,140,Sports,7.0,96.49,0.29,New,Central,479.56
T1432,2025-03-08,3,In-store,122,Electronics,3.0,462.98,0.33,New,North,930.59
T1433,2025-03-09,6,Online,116,Electronics,6.0,244.78,0.23,New,North,1130.88
T1434,2025-03-10,12,Online,113,Electronics,7.0,421.71,0.49,New,West,1505.5
T1435,2025-03-11,8,Online,139,Clothing,5.0,465.26,0.17,Regular,North,1930.83
T1436,2025-03-12,16,Online,117,Electronics,1.0,397.28,0.1,New,South,357.55
T1437,2025-03-13,20,Online,107,Clothing,3.0,191.9,0.15,VIP,East,489.35
T1438,2025-03-14,16,Online,115,Electronics,7.0,348.95,0.07,Regular,North,2271.66
T1439,2025-03-15,20,In-store,114,,7.0,151.13,0.23,Regular,West,814.59
T1440,2025-03-16,20,Online,126,Home & Kitchen,4.0,401.1,0.16,VIP,West,1347.7
T1441,2025-03-17,19,In-store,120,Sports,1.0,56.8,0.47,New,South,30.1
T1442,2025-03-18,8,Online,101,Clothing,5.0,493.99,0.42,Regular,South,1432.57
T1443,2025-03-19,16,Online,111,Electronics,3.0,317.62,0.34,VIP,South,628.89
T1444,2025-03-20,4,Online,141,Sports,9.0,272.06,0.12,Regular,North,2154.72
T1445,2025-03-21,14,Online,133,Electronics,1.0,433.01,0.06,VIP,North,407.03
T1446,2025-03-22,9,Online,142,Beauty,3.0,214.12,0.22,Regular,East,501.04
T1447,2025-03-23,11,Online,113,Electronics,,495.41,0.06,Regular,North,4656.85
T1448,2025-03-24,16,Online,148,Electronics,4.0,377.15,0.21,New,East,1191.79
T1449,2025-03-25,1,In-store,133,Home & Kitchen,10.0,59.36,0.13,New,East,516.43
T1450,2025-03-26,3,Online,115,Beauty,8.0,206.88,0.3,New,East,1158.53
T1451,2025-03-27,13,Online,114,Clothing,7.0,59.03,0.05,New,South,392.55
T1452,2025-03-28,18,In-store,117,Home & Kitchen,7.0,45.51,0.27,VIP,West,232.56
T1453,2025-03-29,16,Online,127,Sports,9.0,130.82,0.1,VIP,North,1059.64
T1454,2025-03-30,13,Online,137,Electronics,1.0,104.0,0.12,New,West,91.52
T1455,2025-03-31,12,In-store,143,Beauty,5.0,457.31,0.22,Regular,Central,1783.51
T1456,2025-04-01,1,Online,116,Electronics,7.0,26.5,0.11,VIP,Central,165.09
T1457,2025-04-02,10,In-store,145,Electronics,7.0,282.8,0.28,New,West,1425.31
T1458,2025-04-03,15,In-store,125,Electronics,10.0,129.34,0.22,New,South,1008.85
T1459,2025-04-04,15,Online,134,Home & Kitchen,4.0,182.74,0.28,VIP,North,526.29
T1460,2025-04-05,10,In-store,101,Beauty,2.0,167.85,0.12,VIP,South,295.42
T1461,2025-04-06,17,In-store,138,Electronics,5.0,401.97,0.49,Regular,South,1025.02
T1462,2025-04-07,13,Online,128,Electronics,8.0,52.52,0.38,New,South,
T1463,2025-04-08,20,Online,141,Home & Kitchen,8.0,402.98,0.09,Regular,East,2933.69
T1464,2025-04-09,5,In-store,136,,1.0,404.47,0.43,Regular,East,230.55
T1465,2025-04-10,19,Online,132,Sports,9.0,325.43,0.25,Regular,North,2196.65
T1466,2025-04-11,18,Online,130,Beauty,9.0,71.62,0.35,VIP,Central,418.98
T1467,2025-04-12,16,Online,127,Electronics,1.0,126.07,0.38,Regular,East,78.16
T1468,2025-04-13,10,In-store,115,Electronics,7.0,106.84,0.26,VIP,West,553.43
T1469,2025-04-14,20,Online,135,Sports,2.0,126.03,0.4,Regular,Central,151.24
T1470,2025-04-15,17,Online,103,,2.0,20.21,0.11,Regular,Central,35.97
T1471,2025-04-16,4,In-store,139,Electronics,9.0,281.36,0.32,Regular,North,1721.92
T1472,2025-04-17,13,Online,134,Electronics,10.0,476.38,0.14,New,North,4096.87
T1473,2025-04-18,15,Online,114,Home & Kitchen,1.0,111.19,0.47,New,North,58.93
T1474,2025-04-19,3,Online,149,Clothing,4.0,210.52,0.16,New,South,707.35
T1475,2025-04-20,7,In-store,126,Sports,8.0,261.14,0.46,New,North,1128.12
T1476,2025-04-21,7,Online,106,Clothing,5.0,363.65,0.4,Regular,Central,1090.95
T1477,2025-04-22,9,In-store,103,Home & Kitchen,3.0,6.54,0.22,New,North,15.3
T1478,2025-04-23,17,Online,124,Sports,9.0,451.52,0.43,New,North,2316.3
T1479,2025-04-24,11,Online,130,,4.0,69.89,0.28,VIP,East,201.28
T1480,2025-04-25,15,Online,149,Electronics,4.0,306.02,0.26,Regular,North,905.82
T1481,2025-04-26,5,Online,112,Beauty,8.0,148.42,0.36,New,South,759.91
T1482,2025-04-27,7,Online,108,Electronics,10.0,27.48,0.05,VIP,North,261.06
T1483,2025-04-28,20,In-store,126,Electronics,3.0,86.16,0.23,Regular,Central,199.03
T1484,2025-04-29,3,In-store,125,Electronics,7.0,49.73,0.2,Regular,East,278.49
T1485,2025-04-30,4,In-store,149,Sports,6.0,52.67,0.22,VIP,Central,246.5
T1486,2025-05-01,3,In-store,131,Electronics,2.0,129.3,0.37,VIP,North,162.92
T1487,2025-05-02,1,Online,135,Home & Kitchen,6.0,412.5,0.02,Regular,West,2425.5
T1488,2025-05-03,18,In-store,148,Home & Kitchen,6.0,260.66,0.07,VIP,North,1454.48
T1489,2025-05-04,2,Online,126,Clothing,3.0,352.48,0.21,VIP,South,835.38
T1490,2025-05-05,2,Online,102,Beauty,4.0,55.37,0.43,New,South,126.24
T1491,2025-05-06,2,Online,137,Sports,1.0,21.63,0.04,Regular,Central,20.76
T1492,2025-05-07,11,Online,143,Sports,8.0,233.96,0.38,Regular,South,1160.44
T1493,2025-05-08,11,In-store,125,Beauty,2.0,392.2,0.37,Regular,East,
T1494,2025-05-09,12,Online,131,Clothing,5.0,250.19,0.17,Regular,East,1038.29
T1495,2025-05-10,14,Online,123,Sports,1.0,127.97,0.2,Regular,East,102.38
T1496,2025-05-11,6,Online,124,Electronics,2.0,377.23,0.02,Regular,East,739.37
T1497,2025-05-12,5,Online,115,Electronics,7.0,307.53,0.49,Regular,East,1097.88
T1498,2025-05-13,18,Online,101,Sports,9.0,207.34,0.02,New,North,1828.74
T1499,2025-05-14,17,Online,150,Clothing,6.0,383.54,0.29,New,Central,1633.88
T1500,2025-05-15,6,In-store,106,Beauty,6.0,172.28,0.3,Regular,East,723.58
T1501,2025-05-16,20,In-store,132,Sports,3.0,207.18,0.23,VIP,Central,478.59
T1502,2025-05-17,6,In-store,104,Electronics,7.0,29.21,0.45,VIP,East,112.46
T1503,2025-05-18,5,Online,119,Beauty,10.0,173.55,0.13,Regular,East,1509.88
T1504,2025-05-19,17,Online,113,Beauty,10.0,416.86,0.31,VIP,South,2876.33
T1505,2025-05-20,2,Online,139,Home & Kitchen,8.0,71.13,0.24,Regular,South,432.47
T1506,2025-05-21,19,In-store,133,Beauty,5.0,73.29,0.28,VIP,Central,263.84
T1507,2025-05-22,15,In-store,144,Beauty,10.0,222.37,0.32,VIP,East,1512.12
T1508,2025-05-23,8,In-store,107,Electronics,9.0,80.37,0.03,Regular,East,701.63
T1509,2025-05-24,3,In-store,150,Beauty,9.0,158.81,0.4,New,North,857.57
T1510,2025-05-25,13,Online,120,Beauty,4.0,240.81,0.31,VIP,East,664.64
T1511,2025-05-26,1,In-store,103,Sports,8.0,34.03,0.5,Regular,North,136.12
T1512,2025-05-27,18,Online,108,Home & Kitchen,5.0,15.0,0.29,Regular,East,53.25
T1513,2025-05-28,9,In-store,128,Home & Kitchen,9.0,416.98,0.05,New,East,3565.18
T1514,2025-05-29,9,In-store,103,Electronics,8.0,58.39,0.43,Regular,South,266.26
T1515,2025-05-30,19,Online,135,Home & Kitchen,6.0,63.46,0.18,Regular,East,
T1516,2025-05-31,10,In-store,147,,3.0,22.29,0.03,New,West,64.86
T1517,2025-06-01,3,Online,116,Clothing,5.0,338.86,0.4,New,Central,1016.58
T1518,2025-06-02,11,In-store,139,Clothing,10.0,291.23,0.14,VIP,West,2504.58
T1519,2025-06-03,1,Online,119,Home & Kitchen,9.0,181.14,0.44,VIP,West,912.95
T1520,2025-06-04,16,In-store,132,Beauty,2.0,268.96,0.35,Regular,East,349.65
T1521,2025-06-05,1,Online,112,Electronics,3.0,259.08,0.39,Regular,East,474.12
T1522,2025-06-06,10,In-store,145,Home & Kitchen,7.0,137.81,0.37,VIP,Central,607.74
T1523,2025-06-07,19,Online,147,Sports,10.0,322.14,0.12,VIP,Central,2834.83
T1524,2025-06-08,3,In-store,143,Electronics,10.0,304.86,0.11,VIP,South,2713.25
T1525,2025-06-09,13,In-store,126,Home & Kitchen,6.0,174.63,0.18,VIP,East,859.18
T1526,2025-06-10,18,Online,105,Sports,10.0,421.51,0.31,New,East,2908.42
T1527,2025-06-11,3,Online,126,Home & Kitchen,1.0,390.03,0.34,VIP,South,257.42
T1528,2025-06-12,19,Online,103,Beauty,3.0,418.9,0.25,New,West,942.52
T1529,2025-06-13,16,In-store,111,Electronics,4.0,159.06,0.19,Regular,South,515.35
T1530,2025-06-14,15,In-store,133,Home & Kitchen,10.0,312.67,0.15,VIP,South,2657.7
T1531,2025-06-15,12,In-store,147,Home & Kitchen,4.0,110.09,0.26,VIP,East,325.87
T1532,2025-06-16,8,In-store,123,Beauty,10.0,150.36,0.43,New,North,857.05
T1533,2025-06-17,10,In-store,141,Clothing,8.0,186.07,0.01,Regular,West,1473.67
T1534,2025-06-18,9,Online,120,Home & Kitchen,5.0,31.24,0.48,Regular,Central,81.22
T1535,2025-06-19,13,In-store,145,Electronics,8.0,370.87,0.02,Regular,South,2907.62
T1536,2025-06-20,14,Online,102,Electronics,1.0,46.83,0.5,Regular,West,23.41
T1537,2025-06-21,14,Online,141,Sports,7.0,244.09,0.22,VIP,South,1332.73
T1538,2025-06-22,11,Online,117,Sports,4.0,60.11,0.22,Regular,West,187.54
T1539,2025-06-23,12,In-store,127,Beauty,4.0,157.03,0.46,New,Central,339.18
T1540,2025-06-24,19,In-store,114,Home & Kitchen,2.0,424.85,0.46,Regular,South,458.84
T1541,2025-06-25,8,Online,120,,6.0,119.69,0.02,Regular,West,703.78
T1542,2025-06-26,11,In-store,131,Electronics,1.0,20.56,0.02,VIP,East,20.15
T1543,2025-06-27,18,Online,129,,7.0,408.15,0.09,VIP,West,2599.92
T1544,2025-06-28,1,Online,130,Sports,8.0,287.1,0.23,New,North,1768.54
T1545,2025-06-29,13,Online,148,Home & Kitchen,9.0,375.03,0.06,Regular,West,3172.75
T1546,2025-06-30,18,In-store,110,Clothing,7.0,301.48,0.44,Regular,South,1181.8
T1547,2025-07-01,8,In-store,135,Home & Kitchen,10.0,44.48,0.44,VIP,Central,249.09
T1548,2025-07-02,19,Online,130,Sports,9.0,492.24,0.41,Regular,North,2613.79
T1549,2025-07-03,10,In-store,131,Home & Kitchen,8.0,119.73,0.32,New,East,651.33
T1550,2025-07-04,10,Online,132,,4.0,457.45,0.42,VIP,North,1061.28
T1551,2025-07-05,9,In-store,119,Home & Kitchen,1.0,114.2,0.32,New,East,77.66
T1552,2025-07-06,8,Online,135,Sports,3.0,419.97,0.24,Regular,North,957.53
T1553,2025-07-07,15,In-store,106,Electronics,7.0,392.66,0.19,New,East,2226.38
T1554,2025-07-08,6,In-store,108,Home & Kitchen,2.0,115.66,0.4,VIP,Central,138.79
T1555,2025-07-09,2,Online,145,Home & Kitchen,2.0,404.16,0.18,VIP,South,662.82
T1556,2025-07-10,16,Online,102,Sports,6.0,56.11,0.3,New,South,235.66
T1557,2025-07-11,5,In-store,122,Clothing,9.0,355.3,0.01,VIP,Central,3165.72
T1558,2025-07-12,10,In-store,135,Clothing,6.0,135.01,0.09,Regular,West,737.15
T1559,2025-07-13,16,Online,102,Clothing,8.0,71.96,0.19,VIP,West,466.3
T1560,2025-07-14,15,In-store,115,Sports,3.0,241.07,0.47,Regular,West,383.3
T1561,2025-07-15,9,Online,141,Clothing,4.0,332.91,0.5,Regular,Central,665.82
T1562,2025-07-16,10,In-store,149,Sports,7.0,496.49,0.23,New,North,2676.08
T1563,2025-07-17,5,In-store,119,,8.0,428.57,0.29,VIP,North,2434.28
T1564,2025-07-18,1,Online,113,Electronics,4.0,61.75,0.39,New,West,150.67
T1565,2025-07-19,4,Online,105,Home & Kitchen,8.0,76.17,0.21,Regular,Central,481.39
T1566,2025-07-20,11,In-store,107,Sports,6.0,121.98,0.31,New,Central,505.0
T1567,2025-07-21,10,Online,112,Home & Kitchen,4.0,414.52,0.41,New,East,978.27
T1568,2025-07-22,20,In-store,137,Clothing,9.0,23.63,0.38,Regular,South,131.86
T1569,2025-07-23,13,In-store,118,Beauty,10.0,21.85,0.33,VIP,North,146.39
T1570,2025-07-24,10,Online,108,Beauty,1.0,388.03,0.04,VIP,West,372.51
T1571,2025-07-25,14,In-store,128,Beauty,5.0,490.62,0.36,Regular,East,1569.98
T1572,2025-07-26,6,Online,102,Sports,10.0,191.42,0.34,Regular,West,1263.37
T1573,2025-07-27,13,In-store,130,Clothing,5.0,92.27,0.31,Regular,North,318.33
T1574,2025-07-28,13,In-store,132,Clothing,1.0,241.91,0.02,Regular,South,237.07
T1575,2025-07-29,7,Online,144,Sports,7.0,413.61,0.02,Regular,South,2837.36
T1576,2025-07-30,3,Online,141,,9.0,209.64,0.4,Regular,East,1132.06
T1577,2025-07-31,20,Online,127,Home & Kitchen,7.0,416.31,0.05,VIP,Central,2768.46
T1578,2025-08-01,8,In-store,104,Clothing,4.0,111.35,0.12,New,Central,391.95
T1579,2025-08-02,4,In-store,129,Sports,,309.31,0.18,Regular,East,1775.44
T1580,2025-08-03,17,Online,132,Electronics,4.0,368.07,0.43,VIP,South,839.2
T1581,2025-08-04,10,In-store,135,Home & Kitchen,3.0,434.23,0.43,Regular,Central,742.53
T1582,2025-08-05,5,In-store,137,Beauty,10.0,96.68,0.33,New,South,647.76
T1583,2025-08-06,10,In-store,143,Electronics,6.0,179.63,0.07,VIP,North,1002.34
T1584,2025-08-07,16,In-store,129,Beauty,2.0,318.77,0.4,Regular,South,382.52
T1585,2025-08-08,3,Online,135,Sports,2.0,315.59,0.05,Regular,West,599.62
T1586,2025-08-09,9,In-store,124,Beauty,5.0,295.88,0.24,New,North,1124.34
T1587,2025-08-10,14,Online,140,,8.0,496.68,0.38,VIP,East,2463.53
T1588,2025-08-11,8,Online,120,Electronics,9.0,413.76,0.07,VIP,East,3463.17
T1589,2025-08-12,19,In-store,126,Beauty,1.0,183.15,0.18,VIP,West,150.18
T1590,2025-08-13,9,Online,132,Home & Kitchen,5.0,159.48,0.19,New,Central,645.89
T1591,2025-08-14,9,Online,137,Beauty,4.0,306.01,0.06,VIP,Central,1150.6
T1592,2025-08-15,13,Online,105,Clothing,1.0,359.1,0.19,VIP,East,290.87
T1593,2025-08-16,8,In-store,145,Clothing,2.0,478.43,0.08,New,South,880.31
T1594,2025-08-17,6,In-store,130,Electronics,10.0,172.04,0.04,VIP,East,1651.58
T1595,2025-08-18,12,Online,144,Beauty,8.0,158.19,0.4,New,South,759.31
T1596,2025-08-19,13,In-store,128,,3.0,286.07,0.16,New,South,720.9
T1597,2025-08-20,17,Online,143,Beauty,5.0,123.09,0.12,Regular,South,541.6
T1598,2025-08-21,17,In-store,125,Electronics,10.0,84.37,0.15,Regular,East,717.14
T1599,2025-08-22,5,Online,140,Clothing,6.0,412.9,0.14,New,West,2130.56
T1600,2025-08-23,9,Online,147,Clothing,9.0,74.62,0.27,VIP,North,490.25
T1601,2025-08-24,14,Online,146,Clothing,4.0,101.49,0.23,New,Central,312.59
T1602,2025-08-25,11,In-store,125,Electronics,3.0,29.55,0.26,Regular,South,65.6
T1603,2025-08-26,7,In-store,126,Beauty,9.0,142.97,0.1,New,West,1158.06
T1604,2025-08-27,12,Online,108,,9.0,435.01,0.46,VIP,West,2114.15
T1605,2025-08-28,10,Online,138,Clothing,4.0,125.09,0.41,Regular,South,295.21
T1606,2025-08-29,7,Online,109,Home & Kitchen,9.0,62.67,0.01,New,Central,558.39
T1607,2025-08-30,18,In-store,124,Home & Kitchen,4.0,158.77,0.22,VIP,North,495.36
T1608,2025-08-31,7,In-store,102,Beauty,2.0,268.73,0.48,Regular,West,279.48
T1609,2025-09-01,15,Online,150,Home & Kitchen,10.0,146.44,0.25,New,East,1098.3
T1610,2025-09-02,2,Online,110,Electronics,7.0,190.54,0.35,New,Central,866.96
T1611,2025-09-03,1,In-store,125,Beauty,3.0,342.77,0.48,Regular,Central,534.72
T1612,2025-09-04,3,Online,132,Home & Kitchen,9.0,97.32,0.15,New,East,744.5
T1613,2025-09-05,5,In-store,112,Home & Kitchen,9.0,211.52,0.41,Regular,West,1123.17
T1614,2025-09-06,10,In-store,127,Sports,5.0,268.27,0.28,New,Central,965.77
T1615,2025-09-07,5,In-store,109,Clothing,4.0,393.73,0.32,VIP,West,1070.95
T1616,2025-09-08,17,Online,145,Home & Kitchen,3.0,34.46,0.16,New,Central,86.84
T1617,2025-09-09,2,In-store,118,Electronics,4.0,59.91,0.14,Regular,North,206.09
T1618,2025-09-10,2,In-store,128,Electronics,9.0,439.19,0.12,Regular,West,3478.38
T1619,2025-09-11,1,Online,101,Beauty,1.0,363.34,0.17,VIP,West,301.57
T1620,2025-09-12,16,In-store,138,,7.0,34.15,0.45,Regular,South,131.48
T1621,2025-09-13,10,Online,139,Home & Kitchen,2.0,322.93,0.19,VIP,North,523.15
T1622,2025-09-14,19,Online,130,Clothing,10.0,332.31,0.12,New,East,2924.33
T1623,2025-09-15,5,Online,146,Sports,2.0,322.79,0.24,New,West,490.64
T1624,2025-09-16,13,In-store,141,Clothing,9.0,125.28,0.33,VIP,South,755.44
T1625,2025-09-17,2,Online,131,Beauty,3.0,9.81,0.05,Regular,South,27.96
T1626,2025-09-18,17,In-store,118,Electronics,9.0,118.85,0.16,Regular,Central,898.51
T1627,2025-09-19,16,In-store,117,Clothing,4.0,280.69,0.1,Regular,East,1010.48
T1628,2025-09-20,12,In-store,139,Electronics,2.0,218.65,0.35,Regular,West,284.25
T1629,2025-09-21,13,Online,136,,9.0,69.23,0.08,New,South,573.22
T1630,2025-09-22,11,In-store,110,Beauty,1.0,267.84,0.08,VIP,North,246.41
T1631,2025-09-23,20,Online,120,Beauty,3.0,364.52,0.06,New,Central,1027.95
T1632,2025-09-24,14,Online,144,Home & Kitchen,5.0,240.14,0.45,New,North,660.38
T1633,2025-09-25,14,Online,105,Sports,7.0,241.77,0.26,New,West,1252.37
T1634,2025-09-26,5,In-store,134,Clothing,2.0,237.26,0.23,New,West,365.38
T1635,2025-09-27,11,In-store,115,Sports,7.0,268.3,0.16,VIP,North,1577.6
T1636,2025-09-28,17,In-store,132,Home & Kitchen,5.0,460.49,0.39,Regular,East,1404.49
T1637,2025-09-29,13,Online,120,Beauty,10.0,339.6,0.27,VIP,East,2479.08
T1638,2025-09-30,8,In-store,102,Home & Kitchen,3.0,117.41,0.13,VIP,Central,306.44
T1639,2025-10-01,11,Online,107,Electronics,6.0,272.68,0.11,Regular,Central,1456.11
T1640,2025-10-02,2,In-store,108,Electronics,8.0,15.59,0.23,Regular,West,96.03
T1641,2025-10-03,5,In-store,132,Clothing,5.0,56.4,0.08,VIP,East,259.44
T1642,2025-10-04,10,Online,129,Home & Kitchen,6.0,144.39,0.24,Regular,West,658.42
T1643,2025-10-05,15,Online,105,Home & Kitchen,2.0,44.92,0.04,New,West,86.25
T1644,2025-10-06,10,In-store,121,Clothing,9.0,143.7,0.31,Regular,South,892.38
T1645,2025-10-07,9,In-store,126,Home & Kitchen,2.0,407.07,0.2,Regular,South,651.31
T1646,2025-10-08,6,Online,117,Clothing,2.0,8.34,0.44,VIP,South,9.34
T1647,2025-10-09,3,Online,129,Sports,4.0,115.97,0.42,VIP,Central,269.05
T1648,2025-10-10,1,Online,130,Beauty,1.0,496.81,0.28,New,Central,357.7
T1649,2025-10-11,14,In-store,145,Beauty,9.0,132.25,0.14,VIP,North,1023.62
T1650,2025-10-12,3,In-store,129,Electronics,,404.87,0.14,Regular,East,2785.51
T1651,2025-10-13,2,Online,145,,10.0,473.29,0.27,Regular,North,
T1652,2025-10-14,13,Online,133,Sports,2.0,427.18,0.01,Regular,North,845.82
T1653,2025-10-15,15,In-store,124,Beauty,8.0,84.79,0.18,Regular,Central,556.22
T1654,2025-10-16,18,Online,132,Home & Kitchen,10.0,424.29,0.41,VIP,East,2503.31
T1655,2025-10-17,16,In-store,104,Sports,3.0,215.07,0.02,New,Central,632.31
T1656,2025-10-18,6,Online,112,Home & Kitchen,9.0,331.63,0.27,New,West,2178.81
T1657,2025-10-19,9,Online,129,Beauty,1.0,295.66,0.03,VIP,North,286.79
T1658,2025-10-20,6,Online,116,Sports,6.0,377.16,0.49,Regular,Central,1154.11
T1659,2025-10-21,10,In-store,115,Sports,4.0,457.93,0.37,VIP,West,1153.98
T1660,2025-10-22,1,Online,123,Home & Kitchen,8.0,404.87,0.42,New,Central,1878.6
T1661,2025-10-23,11,In-store,150,Electronics,4.0,401.62,0.09,New,South,1461.9
T1662,2025-10-24,10,Online,134,Electronics,2.0,237.59,0.41,Regular,North,280.36
T1663,2025-10-25,5,Online,133,Clothing,10.0,467.19,0.32,Regular,North,3176.89
T1664,2025-10-26,3,Online,142,Sports,3.0,106.54,0.29,Regular,Central,226.93
T1665,2025-10-27,6,In-store,113,Beauty,2.0,438.45,0.34,New,West,578.75
T1666,2025-10-28,13,In-store,118,Sports,4.0,469.84,0.2,New,East,1503.49
T1667,2025-10-29,3,Online,147,Home & Kitchen,4.0,140.64,0.39,Regular,West,343.16
T1668,2025-10-30,3,In-store,148,Sports,4.0,368.16,0.17,Regular,East,1222.29
T1669,2025-10-31,12,In-store,119,Beauty,4.0,192.62,0.44,New,South,431.47
T1670,2025-11-01,6,In-store,103,Electronics,8.0,387.67,0.43,VIP,North,1767.78
T1671,2025-11-02,7,In-store,135,Clothing,3.0,442.27,0.09,Regular,Central,1207.4
T1672,2025-11-03,14,In-store,112,Sports,2.0,41.13,0.02,Regular,Central,80.61
T1673,2025-11-04,9,Online,138,Clothing,3.0,298.08,0.08,Regular,East,822.7
T1674,2025-11-05,5,In-store,144,Beauty,5.0,491.75,0.32,VIP,East,
T1675,2025-11-06,20,Online,110,Electronics,6.0,53.04,0.06,VIP,Central,299.15
T1676,2025-11-07,11,Online,142,Beauty,9.0,283.28,0.0,New,West,2549.52
T1677,2025-11-08,17,Online,150,Home & Kitchen,6.0,235.87,0.38,New,East,877.44
T1678,2025-11-09,12,In-store,136,Clothing,1.0,383.21,0.5,New,East,191.6
T1679,2025-11-10,17,Online,110,Sports,4.0,396.18,0.43,Regular,South,903.29
T1680,2025-11-11,16,Online,102,Clothing,10.0,484.0,0.31,VIP,East,3339.6
T1681,2025-11-12,13,In-store,129,Beauty,4.0,348.57,0.32,New,Central,948.11
T1682,2025-11-13,1,In-store,118,Clothing,8.0,494.35,0.15,Regular,South,3361.58
T1683,2025-11-14,3,Online,126,Electronics,4.0,480.84,0.49,Regular,Central,980.91
T1684,2025-11-15,20,Online,121,Sports,2.0,265.88,0.45,Regular,South,292.47
T1685,2025-11-16,18,Online,142,Beauty,2.0,159.43,0.17,New,South,264.65
T1686,2025-11-17,3,In-store,139,Clothing,9.0,244.25,0.07,New,South,2044.37
T1687,2025-11-18,9,In-store,144,Home & Kitchen,9.0,390.63,0.34,Regular,North,2320.34
T1688,2025-11-19,2,In-store,107,Sports,6.0,96.66,0.3,New,Central,405.97
T1689,2025-11-20,9,Online,132,Beauty,8.0,84.51,0.29,VIP,West,480.02
T1690,2025-11-21,7,Online,140,Electronics,4.0,74.31,0.15,VIP,East,252.65
T1691,2025-11-22,8,In-store,105,Beauty,4.0,20.53,0.21,VIP,South,64.87
T1692,2025-11-23,3,Online,126,Sports,4.0,392.64,0.31,New,North,1083.69
T1693,2025-11-24,15,In-store,111,Home & Kitchen,9.0,284.72,0.29,New,North,1819.36
T1694,2025-11-25,5,Online,118,Clothing,2.0,351.8,0.27,VIP,East,513.63
T1695,2025-11-26,14,Online,109,Beauty,3.0,139.86,0.17,Regular,West,348.25
T1696,2025-11-27,11,Online,103,Clothing,9.0,202.48,0.32,Regular,West,1239.18
T1697,2025-11-28,15,Online,149,Clothing,10.0,337.82,0.44,Regular,Central,1891.79
T1698,2025-11-29,16,In-store,149,Beauty,10.0,135.95,0.06,Regular,North,1277.93
T1699,2025-11-30,10,In-store,150,Beauty,2.0,195.57,0.49,New,South,199.48
T1700,2025-12-01,1,In-store,133,Beauty,7.0,226.68,0.13,VIP,East,1380.48
T1701,2025-12-02,12,Online,108,Clothing,6.0,172.74,0.45,Regular,North,570.04
T1702,2025-12-03,9,In-store,103,Home & Kitchen,9.0,416.7,0.19,New,North,3037.74
T1703,2025-12-04,1,In-store,135,Electronics,8.0,269.59,0.31,Regular,North,1488.14
T1704,2025-12-05,6,In-store,133,Electronics,10.0,132.18,0.23,VIP,Central,1017.79
T1705,2025-12-06,5,In-store,149,,,274.52,0.25,Regular,South,1235.34
T1706,2025-12-07,14,In-store,114,Home & Kitchen,2.0,221.15,0.33,VIP,Central,296.34
T1707,2025-12-08,12,Online,138,Home & Kitchen,6.0,93.67,0.15,Regular,South,
T1708,2025-12-09,10,Online,136,Sports,1.0,5.99,0.31,New,Central,4.13
T1709,2025-12-10,18,In-store,130,Sports,1.0,355.76,0.02,VIP,Central,348.64
T1710,2025-12-11,11,In-store,102,Clothing,2.0,232.31,0.21,VIP,South,367.05
T1711,2025-12-12,18,Online,132,Clothing,8.0,18.31,0.06,Regular,West,137.69
T1712,2025-12-13,10,Online,148,Beauty,8.0,102.33,0.0,VIP,East,818.64
T1713,2025-12-14,4,Online,124,Electronics,6.0,172.09,0.23,New,Central,795.06
T1714,2025-12-15,2,Online,116,Home & Kitchen,3.0,9.75,0.4,VIP,South,17.55
T1715,2025-12-16,19,In-store,141,Beauty,6.0,456.5,0.16,VIP,South,2300.76
T1716,2025-12-17,18,Online,126,Electronics,9.0,156.1,0.3,New,East,983.43
T1717,2025-12-18,1,In-store,130,Clothing,3.0,241.42,0.27,VIP,East,528.71
T1718,2025-12-19,1,In-store,101,Sports,7.0,26.22,0.25,Regular,Central,137.66
T1719,2025-12-20,10,In-store,103,Clothing,9.0,35.96,0.22,VIP,West,252.44
T1720,2025-12-21,12,In-store,123,Electronics,10.0,442.91,0.38,Regular,East,2746.04
T1721,2025-12-22,3,In-store,133,Sports,7.0,409.33,0.31,Regular,West,1977.06
T1722,2025-12-23,7,Online,110,Clothing,7.0,225.35,0.38,VIP,South,978.02
T1723,2025-12-24,18,In-store,128,Electronics,8.0,210.86,0.24,VIP,South,1282.03
T1724,2025-12-25,6,In-store,137,Clothing,10.0,63.87,0.4,Regular,North,383.22
T1725,2025-12-26,20,Online,140,Beauty,4.0,46.39,0.14,VIP,Central,159.58
T1726,2025-12-27,11,In-store,129,Beauty,7.0,19.9,0.29,Regular,North,98.9
T1727,2025-12-28,4,Online,127,Clothing,3.0,14.38,0.29,Regular,North,30.63
T1728,2025-12-29,8,In-store,128,Clothing,5.0,197.97,0.18,VIP,South,811.68
T1729,2025-12-30,19,Online,133,Electronics,4.0,418.95,0.29,New,West,1189.82
T1730,2025-12-31,3,In-store,145,Beauty,5.0,221.31,0.2,Regular,Central,885.24
T1731,2026-01-01,5,In-store,140,Clothing,2.0,40.01,0.06,New,South,75.22
T1732,2026-01-02,4,In-store,144,Home & Kitchen,2.0,340.66,0.37,New,East,429.23
T1733,2026-01-03,10,Online,134,Home & Kitchen,5.0,349.86,0.08,VIP,North,1609.36
T1734,2026-01-04,18,Online,129,Home & Kitchen,4.0,434.0,0.34,New,West,1145.76
T1735,2026-01-05,20,Online,115,Home & Kitchen,6.0,109.98,0.02,Regular,East,646.68
T1736,2026-01-06,6,In-store,122,Beauty,5.0,429.68,0.09,New,South,1955.04
T1737,2026-01-07,1,Online,117,Clothing,9.0,232.43,0.45,Regular,East,1150.53
T1738,2026-01-08,9,In-store,148,,2.0,457.25,0.03,VIP,East,887.06
T1739,2026-01-09,18,Online,106,Beauty,1.0,426.38,0.14,VIP,South,366.69
T1740,2026-01-10,20,Online,127,Electronics,,106.48,0.02,New,Central,939.15
T1741,2026-01-11,15,Online,119,Electronics,5.0,300.76,0.16,VIP,West,1263.19
T1742,2026-01-12,12,In-store,141,Beauty,9.0,155.35,0.25,Regular,East,1048.61
T1743,2026-01-13,9,In-store,140,Clothing,7.0,66.55,0.36,Regular,East,298.14
T1744,2026-01-14,3,Online,128,Beauty,10.0,112.62,0.16,New,West,946.01
T1745,2026-01-15,7,Online,106,Sports,4.0,167.41,0.25,VIP,West,502.23
T1746,2026-01-16,19,In-store,128,Home & Kitchen,7.0,461.8,0.02,VIP,Central,3167.95
T1747,2026-01-17,10,Online,126,Sports,6.0,6.96,0.36,New,West,26.73
T1748,2026-01-18,20,Online,119,Beauty,2.0,449.74,0.42,VIP,West,521.7
T1749,2026-01-19,11,Online,117,Home & Kitchen,4.0,289.18,0.14,VIP,Central,994.78
T1750,2026-01-20,11,In-store,142,Sports,2.0,428.62,0.26,New,West,634.36
T1751,2026-01-21,7,Online,142,Clothing,10.0,282.77,0.12,Regular,Central,2488.38
T1752,2026-01-22,4,Online,142,Clothing,3.0,297.69,0.18,New,Central,732.32
T1753,2026-01-23,13,Online,148,Sports,10.0,35.43,0.33,VIP,Central,237.38
T1754,2026-01-24,15,In-store,150,Clothing,7.0,146.76,0.47,New,West,544.48
T1755,2026-01-25,1,In-store,137,Beauty,7.0,237.57,0.35,New,West,1080.94
T1756,2026-01-26,14,In-store,111,Beauty,7.0,33.89,0.11,Regular,East,211.13
T1757,2026-01-27,17,Online,122,Home & Kitchen,4.0,255.92,0.24,New,Central,778.0
T1758,2026-01-28,15,In-store,114,Electronics,1.0,15.6,0.15,New,West,13.26
T1759,2026-01-29,19,Online,125,Beauty,7.0,378.27,0.16,Regular,South,2224.23
T1760,2026-01-30,15,Online,121,Home & Kitchen,6.0,23.44,0.01,Regular,West,139.23
T1761,2026-01-31,20,In-store,149,Home & Kitchen,10.0,107.81,0.17,VIP,North,894.82
T1762,2026-02-01,6,Online,120,Sports,6.0,483.37,0.17,VIP,East,2407.18
T1763,2026-02-02,3,In-store,149,Sports,6.0,143.56,0.34,Regular,West,568.5
T1764,2026-02-03,13,Online,102,Home & Kitchen,1.0,167.54,0.48,Regular,South,87.12
T1765,2026-02-04,20,In-store,119,Home & Kitchen,8.0,139.99,0.0,VIP,North,1119.92
T1766,2026-02-05,3,In-store,112,Electronics,5.0,172.94,0.4,New,Central,518.82
T1767,2026-02-06,14,Online,126,Sports,6.0,265.72,0.31,Regular,East,1100.08
T1768,2026-02-07,5,Online,112,Electronics,3.0,365.73,0.13,VIP,South,954.56
T1769,2026-02-08,18,In-store,118,Beauty,9.0,454.2,0.06,VIP,North,3842.53
T1770,2026-02-09,19,Online,150,Clothing,5.0,468.53,0.39,VIP,North,1429.02
T1771,2026-02-10,2,In-store,106,Sports,2.0,251.2,0.07,VIP,South,467.23
T1772,2026-02-11,1,In-store,144,Electronics,7.0,131.61,0.07,New,West,856.78
T1773,2026-02-12,1,In-store,147,Beauty,1.0,199.96,0.29,New,Central,141.97
T1774,2026-02-13,3,In-store,105,Clothing,7.0,380.68,0.13,New,North,2318.34
T1775,2026-02-14,6,In-store,130,Home & Kitchen,3.0,33.43,0.17,VIP,West,83.24
T1776,2026-02-15,4,Online,143,Home & Kitchen,10.0,391.86,0.26,VIP,East,2899.76
T1777,2026-02-16,18,In-store,111,Home & Kitchen,2.0,153.65,0.08,VIP,South,282.72
T1778,2026-02-17,20,In-store,147,Sports,10.0,110.23,0.37,Regular,South,694.45
T1779,2026-02-18,11,In-store,134,Sports,4.0,383.72,0.5,New,North,767.44
T1780,2026-02-19,15,Online,102,Electronics,7.0,43.74,0.49,Regular,West,156.15
T1781,2026-02-20,13,Online,111,Home & Kitchen,5.0,441.87,0.22,New,South,1723.29
T1782,2026-02-21,18,Online,130,Clothing,2.0,173.3,0.07,VIP,Central,322.34
T1783,2026-02-22,5,In-store,103,Sports,2.0,392.42,0.16,Regular,Central,659.27
T1784,2026-02-23,2,Online,125,Sports,1.0,304.9,0.44,New,East,170.74
T1785,2026-02-24,12,Online,147,Electronics,3.0,428.22,0.06,VIP,South,1207.58
T1786,2026-02-25,9,Online,105,Electronics,4.0,152.27,0.21,New,South,481.17
T1787,2026-02-26,16,Online,121,Home & Kitchen,9.0,295.24,0.13,Regular,East,2311.73
T1788,2026-02-27,3,Online,103,Home & Kitchen,3.0,220.92,0.45,New,South,364.52
T1789,2026-02-28,19,In-store,118,Home & Kitchen,4.0,80.88,0.46,Regular,South,174.7
T1790,2026-03-01,11,Online,129,Sports,2.0,439.06,0.27,New,North,641.03
T1791,2026-03-02,17,In-store,116,Clothing,7.0,471.02,0.03,New,West,3198.23
T1792,2026-03-03,18,In-store,141,Clothing,2.0,260.27,0.28,New,East,374.79
T1793,2026-03-04,16,In-store,143,Beauty,2.0,447.29,0.31,VIP,Central,617.26
T1794,2026-03-05,6,In-store,139,Clothing,1.0,331.95,0.18,Regular,Central,272.2
T1795,2026-03-06,2,In-store,136,Beauty,9.0,337.61,0.41,VIP,Central,1792.71
T1796,2026-03-07,9,Online,138,,6.0,409.96,0.42,New,East,1426.66
T1797,2026-03-08,18,In-store,137,Beauty,10.0,57.91,0.08,Regular,Central,532.77
T1798,2026-03-09,18,In-store,138,Electronics,3.0,149.73,0.1,Regular,South,404.27
T1799,2026-03-10,1,In-store,137,Clothing,7.0,392.79,0.5,VIP,East,1374.77
T1800,2026-03-11,20,In-store,108,Electronics,3.0,221.2,0.17,VIP,East,550.79
T1801,2026-03-12,5,In-store,120,Home & Kitchen,4.0,412.27,0.14,New,North,1418.21
T1802,2026-03-13,4,Online,109,Electronics,2.0,392.15,0.38,VIP,East,486.27
T1803,2026-03-14,14,Online,149,Clothing,4.0,66.36,0.45,New,North,145.99
T1804,2026-03-15,12,Online,150,Home & Kitchen,6.0,270.01,0.12,New,South,1425.65
T1805,2026-03-16,3,In-store,140,Sports,9.0,344.59,0.27,VIP,East,2263.96
T1806,2026-03-17,9,In-store,107,Clothing,2.0,234.55,0.06,Regular,West,440.95
T1807,2026-03-18,3,In-store,141,Beauty,8.0,99.76,0.37,Regular,South,502.79
T1808,2026-03-19,5,In-store,129,Home & Kitchen,4.0,147.48,0.37,Regular,East,371.65
T1809,2026-03-20,19,In-store,117,Clothing,7.0,316.48,0.31,New,South,1528.6
T1810,2026-03-21,8,Online,144,Electronics,2.0,214.25,0.45,Regular,West,235.68
T1811,2026-03-22,12,In-store,147,Sports,4.0,137.17,0.22,Regular,North,427.97
T1812,2026-03-23,1,In-store,129,Beauty,5.0,209.25,0.35,Regular,North,680.06
T1813,2026-03-24,2,Online,130,Beauty,6.0,454.62,0.3,Regular,North,1909.4
T1814,2026-03-25,12,In-store,138,Electronics,8.0,189.08,0.32,Regular,Central,1028.6
T1815,2026-03-26,11,Online,144,Clothing,2.0,164.71,0.16,New,West,276.71
T1816,2026-03-27,1,In-store,144,Sports,4.0,190.25,0.22,VIP,North,593.58
T1817,2026-03-28,14,Online,113,Sports,7.0,212.42,0.42,Regular,South,862.43
T1818,2026-03-29,13,Online,139,Beauty,1.0,345.51,0.27,New,South,252.22
T1819,2026-03-30,12,In-store,118,Sports,4.0,26.29,0.23,New,South,80.97
T1820,2026-03-31,8,Online,142,Electronics,,197.47,0.35,Regular,West,1026.84
T1821,2026-04-01,6,Online,127,Beauty,4.0,141.95,0.17,New,West,471.27
T1822,2026-04-02,13,In-store,150,Home & Kitchen,10.0,70.18,0.42,Regular,Central,407.04
T1823,2026-04-03,9,In-store,105,Electronics,8.0,315.78,0.5,New,Central,1263.12
T1824,2026-04-04,13,In-store,112,Beauty,1.0,418.16,0.36,VIP,North,267.62
T1825,2026-04-05,10,Online,135,Sports,3.0,149.1,0.44,Regular,East,250.49
T1826,2026-04-06,8,In-store,124,Beauty,4.0,280.0,0.45,VIP,Central,616.0
T1827,2026-04-07,7,In-store,122,Beauty,2.0,344.94,0.12,VIP,East,
T1828,2026-04-08,18,Online,103,Home & Kitchen,5.0,379.47,0.46,VIP,North,1024.57
T1829,2026-04-09,18,Online,106,Electronics,1.0,349.72,0.5,VIP,Central,174.86
T1830,2026-04-10,14,Online,150,Sports,,175.74,0.35,Regular,West,685.39
T1831,2026-04-11,13,Online,144,Home & Kitchen,7.0,313.38,0.04,Regular,North,2105.91
T1832,2026-04-12,11,In-store,126,Sports,3.0,405.12,0.43,Regular,West,692.76
T1833,2026-04-13,7,Online,138,Sports,4.0,141.12,0.33,VIP,South,378.2
T1834,2026-04-14,18,In-store,127,Sports,4.0,493.58,0.38,Regular,East,1224.08
T1835,2026-04-15,20,Online,131,Home & Kitchen,3.0,13.98,0.09,VIP,North,38.17
T1836,2026-04-16,3,In-store,115,Electronics,2.0,477.83,0.33,Regular,Central,640.29
T1837,2026-04-17,19,In-store,145,Beauty,8.0,409.02,0.08,New,South,3010.39
T1838,2026-04-18,12,Online,124,Electronics,2.0,464.26,0.2,New,West,742.82
T1839,2026-04-19,11,In-store,123,Sports,5.0,204.86,0.13,VIP,South,891.14
T1840,2026-04-20,4,Online,127,Electronics,7.0,375.86,0.21,New,West,2078.51
T1841,2026-04-21,8,In-store,120,Electronics,6.0,352.85,0.14,New,Central,1820.71
T1842,2026-04-22,18,In-store,144,Sports,10.0,251.81,0.34,VIP,Central,1661.95
T1843,2026-04-23,6,In-store,118,Electronics,1.0,493.47,0.09,New,West,449.06
T1844,2026-04-24,18,In-store,127,Home & Kitchen,,359.81,0.0,VIP,East,1799.05
T1845,2026-04-25,19,Online,145,Electronics,4.0,350.88,0.2,Regular,Central,1122.82
T1846,2026-04-26,15,Online,132,Clothing,4.0,131.7,0.2,Regular,East,421.44
T1847,2026-04-27,14,Online,148,Electronics,,26.48,0.08,VIP,West,194.89
T1848,2026-04-28,16,In-store,145,Clothing,5.0,399.9,0.3,Regular,East,1399.65
T1849,2026-04-29,17,Online,146,Beauty,9.0,59.77,0.02,VIP,Central,527.17
T1850,2026-04-30,11,In-store,135,Clothing,9.0,59.37,0.03,VIP,South,518.3
T1851,2026-05-01,11,Online,142,Home & Kitchen,1.0,359.19,0.39,VIP,West,219.11
T1852,2026-05-02,10,Online,129,Clothing,3.0,133.3,0.12,Regular,North,351.91
T1853,2026-05-03,18,Online,103,Sports,6.0,445.75,0.26,VIP,West,1979.13
T1854,2026-05-04,10,Online,141,Electronics,4.0,319.82,0.37,Regular,South,805.95
T1855,2026-05-05,12,In-store,127,Sports,4.0,54.86,0.4,VIP,East,131.66
T1856,2026-05-06,18,In-store,112,Electronics,6.0,259.88,0.07,Regular,East,1450.13
T1857,2026-05-07,4,In-store,131,Home & Kitchen,9.0,414.71,0.07,New,Central,3471.12
T1858,2026-05-08,1,In-store,125,Beauty,4.0,354.73,0.03,VIP,South,1376.35
T1859,2026-05-09,15,In-store,132,Beauty,8.0,170.42,0.13,Regular,Central,1186.12
T1860,2026-05-10,5,In-store,129,Electronics,4.0,484.5,0.16,New,Central,1627.92
T1861,2026-05-11,17,In-store,144,Electronics,4.0,220.34,0.2,Regular,North,705.09
T1862,2026-05-12,13,Online,148,Home & Kitchen,10.0,103.04,0.32,Regular,Central,700.67
T1863,2026-05-13,3,Online,134,Clothing,5.0,61.08,0.31,New,Central,210.73
T1864,2026-05-14,14,In-store,145,Clothing,10.0,208.47,0.3,Regular,North,1459.29
T1865,2026-05-15,6,Online,133,Sports,1.0,313.13,0.13,Regular,Central,272.42
T1866,2026-05-16,7,Online,119,Electronics,7.0,27.74,0.32,Regular,Central,132.04
T1867,2026-05-17,6,Online,116,Home & Kitchen,6.0,122.42,0.34,VIP,Central,484.78
T1868,2026-05-18,7,In-store,117,Clothing,10.0,443.27,0.04,VIP,South,4255.39
T1869,2026-05-19,12,Online,123,Clothing,3.0,57.64,0.24,Regular,West,131.42
T1870,2026-05-20,19,Online,106,Sports,9.0,412.21,0.01,New,East,3672.79
T1871,2026-05-21,16,Online,123,Clothing,8.0,420.5,0.43,Regular,Central,1917.48
T1872,2026-05-22,11,Online,107,Electronics,6.0,462.55,0.2,Regular,South,2220.24
T1873,2026-05-23,15,In-store,139,Electronics,6.0,360.49,0.28,New,North,1557.32
T1874,2026-05-24,16,Online,150,Sports,6.0,143.9,0.35,New,South,561.21
T1875,2026-05-25,15,In-store,145,,4.0,447.78,0.36,New,South,1146.32
T1876,2026-05-26,9,In-store,107,Beauty,2.0,207.82,0.28,VIP,North,299.26
T1877,2026-05-27,18,In-store,116,Beauty,5.0,98.9,0.41,Regular,North,291.76
T1878,2026-05-28,20,In-store,109,Electronics,7.0,203.51,0.03,VIP,Central,1381.83
T1879,2026-05-29,11,Online,101,Sports,2.0,398.4,0.03,Regular,South,772.9
T1880,2026-05-30,9,Online,111,Home & Kitchen,3.0,291.89,0.29,New,South,621.73
T1881,2026-05-31,12,Online,107,Clothing,3.0,23.22,0.24,New,East,52.94
T1882,2026-06-01,11,In-store,112,Electronics,,266.13,0.36,Regular,North,340.65
T1883,2026-06-02,17,In-store,150,Electronics,1.0,370.52,0.09,Regular,South,337.17
T1884,2026-06-03,2,In-store,107,Sports,3.0,18.21,0.31,Regular,South,37.69
T1885,2026-06-04,11,In-store,129,Home & Kitchen,2.0,180.32,0.22,VIP,East,281.3
T1886,2026-06-05,7,Online,142,Sports,1.0,302.47,0.44,VIP,North,169.38
T1887,2026-06-06,7,Online,103,Electronics,4.0,325.92,0.04,Regular,East,1251.53
T1888,2026-06-07,9,In-store,141,Sports,7.0,363.61,0.06,Regular,South,2392.55
T1889,2026-06-08,19,In-store,130,Beauty,10.0,76.36,0.13,VIP,East,664.33
T1890,2026-06-09,17,In-store,134,,4.0,336.7,0.02,Regular,South,1319.86
T1891,2026-06-10,16,Online,131,Beauty,5.0,91.44,0.14,New,South,393.19
T1892,2026-06-11,1,Online,125,Sports,7.0,114.58,0.04,VIP,South,769.98
T1893,2026-06-12,19,In-store,120,Sports,6.0,76.39,0.39,New,West,279.59
T1894,2026-06-13,2,In-store,111,Sports,4.0,196.06,0.3,VIP,Central,548.97
T1895,2026-06-14,12,Online,104,Sports,7.0,377.52,0.31,New,East,1823.42
T1896,2026-06-15,11,Online,129,Beauty,10.0,344.52,0.19,Regular,North,2790.61
T1897,2026-06-16,2,Online,102,Home & Kitchen,9.0,325.94,0.13,New,Central,2552.11
T1898,2026-06-17,13,In-store,149,Clothing,4.0,102.26,0.11,Regular,West,364.05
T1899,2026-06-18,5,In-store,130,Home & Kitchen,2.0,28.02,0.37,VIP,West,35.31
T1900,2026-06-19,8,Online,105,Clothing,5.0,168.85,0.41,New,East,498.11
T1901,2026-06-20,4,In-store,134,Electronics,8.0,377.76,0.06,Regular,South,2840.76
T1902,2026-06-21,14,In-store,134,Electronics,4.0,456.43,0.05,New,North,1734.43
T1903,2026-06-22,15,Online,138,Clothing,2.0,122.09,0.34,VIP,North,161.16
T1904,2026-06-23,4,In-store,133,Sports,10.0,328.19,0.24,VIP,Central,2494.24
T1905,2026-06-24,15,In-store,150,Sports,6.0,187.42,0.36,Regular,North,719.69
T1906,2026-06-25,2,In-store,111,Clothing,3.0,248.44,0.06,Regular,Central,700.6
T1907,2026-06-26,16,Online,114,Electronics,9.0,12.22,0.45,Regular,South,60.49
T1908,2026-06-27,6,Online,114,Home & Kitchen,3.0,273.0,0.27,New,Central,597.87
T1909,2026-06-28,10,Online,114,Sports,10.0,268.35,0.15,Regular,East,2280.97
T1910,2026-06-29,1,Online,141,Home & Kitchen,4.0,31.11,0.24,VIP,East,94.57
T1911,2026-06-30,12,In-store,110,Electronics,3.0,255.53,0.41,Regular,East,452.29
T1912,2026-07-01,1,Online,125,Electronics,3.0,405.17,0.41,VIP,South,717.15
T1913,2026-07-02,8,Online,140,Clothing,10.0,160.71,0.07,New,East,1494.6
T1914,2026-07-03,8,In-store,121,Home & Kitchen,7.0,464.52,0.45,Regular,South,1788.4
T1915,2026-07-04,4,Online,129,Home & Kitchen,10.0,384.95,0.15,VIP,North,3272.07
T1916,2026-07-05,13,Online,107,Clothing,10.0,271.13,0.21,Regular,Central,2141.93
T1917,2026-07-06,17,Online,127,Home & Kitchen,5.0,456.66,0.44,VIP,Central,1278.65
T1918,2026-07-07,1,Online,109,Clothing,7.0,363.41,0.39,New,East,1551.76
T1919,2026-07-08,9,Online,129,Clothing,7.0,417.7,0.11,VIP,East,2602.27
T1920,2026-07-09,9,Online,137,Sports,8.0,91.0,0.27,New,South,531.44
T1921,2026-07-10,18,Online,108,Clothing,7.0,471.33,0.43,VIP,South,1880.61
T1922,2026-07-11,1,In-store,126,Sports,1.0,221.5,0.29,Regular,Central,157.26
T1923,2026-07-12,20,In-store,126,Home & Kitchen,8.0,468.98,0.13,VIP,East,3264.1
T1924,2026-07-13,15,Online,130,Beauty,10.0,345.49,0.48,VIP,North,1796.55
T1925,2026-07-14,10,Online,136,Beauty,7.0,208.72,0.3,Regular,West,1022.73
T1926,2026-07-15,9,Online,141,Sports,6.0,488.21,0.32,VIP,Central,1991.9
T1927,2026-07-16,8,In-store,146,Clothing,1.0,104.56,0.0,Regular,West,104.56
T1928,2026-07-17,2,Online,143,,10.0,178.38,0.05,Regular,South,1694.61
T1929,2026-07-18,7,In-store,120,,7.0,8.85,0.38,Regular,North,38.41
T1930,2026-07-19,17,In-store,127,Clothing,4.0,39.82,0.04,Regular,Central,152.91
T1931,2026-07-20,5,In-store,115,Sports,6.0,189.22,0.1,New,Central,1021.79
T1932,2026-07-21,14,Online,135,Beauty,2.0,96.82,0.02,New,West,189.77
T1933,2026-07-22,12,Online,141,Beauty,3.0,194.73,0.29,New,North,414.77
T1934,2026-07-23,16,In-store,133,Clothing,8.0,66.59,0.36,Regular,North,340.94
T1935,2026-07-24,16,In-store,141,Home & Kitchen,9.0,187.48,0.1,New,East,1518.59
T1936,2026-07-25,16,Online,123,Sports,,342.42,0.1,VIP,South,1540.89
T1937,2026-07-26,9,Online,130,Clothing,6.0,458.88,0.36,VIP,East,1762.1
T1938,2026-07-27,19,In-store,140,Beauty,4.0,135.1,0.28,Regular,East,389.09
T1939,2026-07-28,14,In-store,106,Sports,7.0,447.44,0.08,Regular,South,2881.51
T1940,2026-07-29,2,Online,115,Electronics,3.0,289.21,0.42,Regular,North,503.23
T1941,2026-07-30,2,Online,115,,4.0,431.97,0.18,New,East,1416.86
T1942,2026-07-31,10,In-store,143,Clothing,2.0,230.61,0.31,VIP,South,318.24
T1943,2026-08-01,10,Online,114,Clothing,8.0,312.92,0.4,New,East,1502.02
T1944,2026-08-02,5,In-store,105,Beauty,9.0,360.99,0.23,VIP,West,2501.66
T1945,2026-08-03,5,In-store,122,,8.0,498.99,0.47,Regular,South,2115.72
T1946,2026-08-04,3,Online,133,,5.0,172.2,0.5,New,North,430.5
T1947,2026-08-05,13,In-store,139,Clothing,2.0,77.58,0.25,Regular,Central,116.37
T1948,2026-08-06,8,In-store,126,Electronics,6.0,445.9,0.48,Regular,West,1391.21
T1949,2026-08-07,14,In-store,131,Beauty,10.0,403.52,0.48,New,East,2098.3
T1950,2026-08-08,5,In-store,136,Sports,2.0,110.71,0.05,VIP,Central,210.35
T1951,2026-08-09,11,Online,112,Clothing,2.0,417.02,0.25,VIP,North,625.53
T1952,2026-08-10,4,Online,124,Sports,4.0,399.81,0.49,New,East,815.61
T1953,2026-08-11,5,In-store,145,Sports,9.0,193.29,0.37,New,East,1095.95
T1954,2026-08-12,15,In-store,123,,6.0,468.94,0.12,Regular,East,2476.0
T1955,2026-08-13,8,Online,107,Electronics,2.0,309.07,0.02,Regular,Central,605.78
T1956,2026-08-14,19,In-store,142,Clothing,3.0,441.78,0.47,VIP,South,702.43
T1957,2026-08-15,14,Online,141,Home & Kitchen,3.0,36.18,0.19,VIP,Central,87.92
T1958,2026-08-16,11,Online,132,Beauty,10.0,391.15,0.16,VIP,East,3285.66
T1959,2026-08-17,5,In-store,130,Beauty,7.0,423.26,0.46,Regular,South,1599.92
T1960,2026-08-18,4,In-store,146,Electronics,1.0,403.43,0.33,Regular,East,270.3
T1961,2026-08-19,11,Online,125,Clothing,9.0,34.91,0.33,VIP,Central,210.51
T1962,2026-08-20,1,In-store,143,Beauty,6.0,395.29,0.26,New,Central,1755.09
T1963,2026-08-21,19,In-store,109,Electronics,9.0,366.28,0.14,New,East,2835.01
T1964,2026-08-22,3,Online,108,Electronics,8.0,244.14,0.5,VIP,North,976.56
T1965,2026-08-23,2,In-store,116,Beauty,5.0,376.56,0.33,VIP,South,1261.48
T1966,2026-08-24,17,In-store,145,Home & Kitchen,10.0,184.63,0.2,VIP,Central,1477.04
T1967,2026-08-25,4,In-store,122,Clothing,5.0,173.74,0.49,VIP,West,443.04
T1968,2026-08-26,3,In-store,110,Beauty,4.0,175.53,0.25,New,Central,526.59
T1969,2026-08-27,14,Online,140,Clothing,10.0,489.66,0.11,New,South,4357.97
T1970,2026-08-28,3,Online,141,Clothing,1.0,9.45,0.15,New,West,8.03
T1971,2026-08-29,6,In-store,129,Beauty,4.0,321.01,0.06,New,West,1207.0
T1972,2026-08-30,19,Online,140,Home & Kitchen,7.0,108.52,0.39,New,South,463.38
T1973,2026-08-31,15,Online,140,Beauty,8.0,326.74,0.37,VIP,Central,1646.77
T1974,2026-09-01,19,Online,105,Home & Kitchen,,358.63,0.12,VIP,East,1893.57
T1975,2026-09-02,1,Online,124,Sports,7.0,105.42,0.47,Regular,East,391.11
T1976,2026-09-03,5,In-store,137,Home & Kitchen,8.0,19.2,0.05,Regular,West,145.92
T1977,2026-09-04,6,In-store,144,Sports,9.0,73.86,0.27,VIP,North,485.26
T1978,2026-09-05,11,In-store,108,Electronics,1.0,476.85,0.19,VIP,East,386.25
T1979,2026-09-06,10,In-store,125,Home & Kitchen,8.0,14.24,0.43,New,East,64.93
T1980,2026-09-07,20,In-store,106,Home & Kitchen,8.0,93.94,0.07,New,East,698.91
T1981,2026-09-08,11,In-store,126,Home & Kitchen,1.0,299.11,0.21,VIP,North,236.3
T1982,2026-09-09,8,In-store,125,Home & Kitchen,3.0,43.88,0.26,Regular,East,97.41
T1983,2026-09-10,20,Online,150,Beauty,9.0,47.31,0.03,VIP,Central,413.02
T1984,2026-09-11,7,Online,142,Electronics,6.0,297.82,0.31,New,North,
T1985,2026-09-12,19,In-store,133,Beauty,6.0,380.18,0.35,VIP,North,1482.7
T1986,2026-09-13,11,In-store,139,Sports,5.0,89.49,0.16,Regular,South,375.86
T1987,2026-09-14,16,In-store,150,Electronics,7.0,31.87,0.06,VIP,South,209.7
T1988,2026-09-15,8,Online,109,Home & Kitchen,5.0,147.35,0.32,Regular,East,500.99
T1989,2026-09-16,10,Online,126,Beauty,4.0,420.55,0.07,Regular,Central,1564.45
T1990,2026-09-17,14,In-store,127,Electronics,6.0,257.46,0.48,New,North,803.28
T1991,2026-09-18,15,In-store,115,Electronics,3.0,208.07,0.03,Regular,East,605.48
T1992,2026-09-19,9,In-store,104,Electronics,7.0,283.09,0.15,VIP,North,1684.39
T1993,2026-09-20,4,In-store,106,Home & Kitchen,4.0,149.17,0.1,Regular,North,537.01
T1994,2026-09-21,7,Online,109,Beauty,1.0,259.78,0.06,VIP,Central,244.19
T1995,2026-09-22,1,Online,127,Sports,8.0,210.1,0.18,Regular,South,1378.26
T1996,2026-09-23,7,Online,121,Beauty,10.0,175.04,0.19,New,East,1417.82
T1997,2026-09-24,10,Online,123,Sports,6.0,174.54,0.34,New,West,691.18
T1998,2026-09-25,18,In-store,123,Home & Kitchen,9.0,335.98,0.04,VIP,North,2902.87
T1999,2026-09-26,20,Online,109,Home & Kitchen,1.0,464.86,0.05,VIP,Central,441.62
T2000,2026-09-27,12,In-store,125,Sports,2.0,194.02,0.01,New,West,384.16
T2001,2026-09-28,1,Online,101,Clothing,10.0,360.56,0.28,New,South,2596.03
T2002,2026-09-29,9,In-store,147,Electronics,10.0,65.71,0.37,New,South,413.97
T2003,2026-09-30,11,In-store,128,Clothing,4.0,235.12,0.41,New,North,554.88
T2004,2026-10-01,7,In-store,147,Clothing,1.0,156.0,0.18,VIP,Central,127.92
T2005,2026-10-02,9,In-store,112,Electronics,3.0,292.83,0.09,New,North,799.43
T2006,2026-10-03,11,In-store,121,Beauty,4.0,86.27,0.43,Regular,Central,196.7
T2007,2026-10-04,2,In-store,146,Electronics,5.0,154.57,0.45,VIP,West,425.07
T2008,2026-10-05,17,Online,150,Beauty,6.0,426.2,0.28,New,Central,1841.18
T2009,2026-10-06,20,Online,102,Sports,9.0,86.4,0.14,New,Central,668.74
T2010,2026-10-07,14,Online,132,Sports,7.0,207.34,0.24,Regular,South,1103.05
T2011,2026-10-08,14,Online,104,Beauty,10.0,180.67,0.3,New,Central,1264.69
T2012,2026-10-09,2,In-store,149,Home & Kitchen,9.0,273.64,0.35,New,Central,1600.79
T2013,2026-10-10,2,In-store,111,Electronics,4.0,329.81,0.24,Regular,West,1002.62
T2014,2026-10-11,2,In-store,139,Clothing,3.0,338.24,0.16,VIP,East,852.36
T2015,2026-10-12,18,In-store,120,Beauty,4.0,77.1,0.06,VIP,West,289.9
T2016,2026-10-13,5,Online,137,Beauty,10.0,461.59,0.34,VIP,Central,3046.49
T2017,2026-10-14,10,Online,107,Electronics,5.0,380.52,0.42,Regular,West,1103.51
T2018,2026-10-15,14,Online,110,Sports,6.0,411.81,0.14,Regular,South,2124.94
T2019,2026-10-16,18,Online,110,Beauty,6.0,9.27,0.21,New,North,43.94
T2020,2026-10-17,17,Online,108,Clothing,3.0,404.64,0.17,New,Central,1007.55
T2021,2026-10-18,13,Online,144,Electronics,5.0,300.18,0.26,New,East,1110.67
T2022,2026-10-19,9,Online,134,Home & Kitchen,7.0,384.59,0.24,New,South,2046.02
T2023,2026-10-20,1,In-store,149,,5.0,62.54,0.24,VIP,Central,237.65
T2024,2026-10-21,15,Online,136,Home & Kitchen,5.0,344.99,0.37,Regular,North,1086.72
T2025,2026-10-22,17,Online,121,Home & Kitchen,8.0,12.34,0.13,Regular,West,
T2026,2026-10-23,15,Online,140,Sports,7.0,387.66,0.02,VIP,East,2659.35
T2027,2026-10-24,20,Online,133,Beauty,2.0,362.22,0.15,New,North,615.77
T2028,2026-10-25,4,In-store,128,Home & Kitchen,5.0,46.88,0.48,Regular,South,121.89
T2029,2026-10-26,10,Online,148,Sports,6.0,384.16,0.39,New,South,1406.03
T2030,2026-10-27,9,In-store,143,Home & Kitchen,1.0,288.46,0.28,VIP,Central,207.69
T2031,2026-10-28,19,Online,111,Electronics,10.0,483.29,0.47,Regular,North,2561.44
T2032,2026-10-29,19,In-store,111,Home & Kitchen,7.0,95.07,0.34,VIP,South,439.22
T2033,2026-10-30,18,In-store,128,Home & Kitchen,2.0,441.47,0.2,New,South,706.35
T2034,2026-10-31,13,In-store,142,Sports,2.0,343.55,0.03,Regular,North,666.49
T2035,2026-11-01,12,In-store,145,Beauty,8.0,170.38,0.37,VIP,East,858.72
T2036,2026-11-02,6,Online,133,Sports,9.0,47.13,0.29,Regular,West,301.16
T2037,2026-11-03,15,Online,120,Electronics,3.0,264.25,0.25,Regular,East,594.56
T2038,2026-11-04,14,Online,140,Clothing,8.0,125.88,0.48,Regular,East,523.66
T2039,2026-11-05,20,Online,116,Sports,3.0,361.22,0.35,New,West,704.38
T2040,2026-11-06,5,Online,103,Beauty,6.0,448.67,0.08,New,East,2476.66
T2041,2026-11-07,19,Online,140,Beauty,4.0,12.35,0.11,New,East,43.97
T2042,2026-11-08,5,Online,134,Beauty,5.0,157.38,0.43,VIP,South,448.53
T2043,2026-11-09,11,Online,122,Home & Kitchen,6.0,500.0,0.08,New,North,2760.0
T2044,2026-11-10,10,Online,132,Sports,9.0,137.35,0.23,VIP,West,951.84
T2045,2026-11-11,16,In-store,140,Beauty,6.0,339.39,0.08,Regular,West,1873.43
T2046,2026-11-12,1,Online,103,Beauty,10.0,213.53,0.12,New,South,1879.06
T2047,2026-11-13,18,In-store,138,Sports,6.0,265.65,0.26,Regular,North,1179.49
T2048,2026-11-14,9,In-store,105,Beauty,10.0,36.78,0.21,VIP,North,290.56
T2049,2026-11-15,20,Online,109,Clothing,4.0,97.33,0.39,Regular,North,237.49
T2050,2026-11-16,13,Online,116,Clothing,9.0,222.31,0.39,Regular,East,1220.48
T2051,2026-11-17,1,In-store,128,Clothing,4.0,427.3,0.36,VIP,South,1093.89
T2052,2026-11-18,17,Online,122,Electronics,,36.68,0.04,Regular,Central,316.92
T2053,2026-11-19,15,Online,149,Clothing,9.0,49.3,0.14,VIP,South,381.58
T2054,2026-11-20,4,In-store,125,Home & Kitchen,10.0,144.84,0.09,New,East,1318.04
T2055,2026-11-21,15,In-store,103,Beauty,6.0,155.84,0.26,New,Central,691.93
T2056,2026-11-22,10,In-store,136,Beauty,4.0,205.75,0.33,Regular,South,551.41
T2057,2026-11-23,12,Online,115,,5.0,319.82,0.37,VIP,West,1007.43
T2058,2026-11-24,1,Online,128,Beauty,8.0,446.47,0.47,Regular,South,1893.03
T2059,2026-11-25,3,In-store,136,Clothing,5.0,136.23,0.29,New,East,483.62
T2060,2026-11-26,12,In-store,113,Clothing,3.0,16.81,0.48,Regular,East,26.22
T2061,2026-11-27,12,Online,108,Beauty,9.0,332.88,0.21,Regular,Central,2366.78
T2062,2026-11-28,14,Online,139,Electronics,8.0,103.63,0.39,New,North,505.71
T2063,2026-11-29,10,In-store,140,Sports,4.0,348.07,0.23,VIP,East,1072.06
T2064,2026-11-30,5,In-store,142,Beauty,6.0,499.39,0.37,VIP,East,1887.69
T2065,2026-12-01,16,In-store,119,Electronics,1.0,181.8,0.33,New,North,121.81
T2066,2026-12-02,5,In-store,109,Home & Kitchen,7.0,338.72,0.14,New,South,
T2067,2026-12-03,5,Online,141,Beauty,7.0,447.96,0.15,New,Central,
T2068,2026-12-04,8,In-store,150,Sports,7.0,23.81,0.49,Regular,West,85.0
T2069,2026-12-05,14,In-store,131,Home & Kitchen,4.0,490.73,0.16,VIP,South,1648.85
T2070,2026-12-06,3,Online,149,Home & Kitchen,1.0,147.7,0.24,VIP,East,112.25
T2071,2026-12-07,17,Online,138,Sports,9.0,82.44,0.5,Regular,North,370.98
T2072,2026-12-08,9,Online,133,Clothing,10.0,83.05,0.03,Regular,North,805.58
T2073,2026-12-09,10,Online,142,Sports,8.0,120.84,0.17,VIP,South,802.38
T2074,2026-12-10,10,Online,149,Home & Kitchen,7.0,340.46,0.23,New,Central,1835.08
T2075,2026-12-11,12,In-store,150,Clothing,10.0,114.95,0.41,VIP,East,678.21
T2076,2026-12-12,20,In-store,128,Electronics,6.0,224.49,0.23,Regular,East,1037.14
T2077,2026-12-13,11,In-store,150,Clothing,2.0,29.41,0.08,New,Central,54.11
T2078,2026-12-14,5,Online,114,Sports,8.0,202.42,0.21,New,West,1279.29
T2079,2026-12-15,17,Online,138,Sports,3.0,99.96,0.01,Regular,East,296.88
T2080,2026-12-16,13,Online,144,Beauty,2.0,338.83,0.19,VIP,South,548.9
T2081,2026-12-17,12,In-store,126,Beauty,2.0,56.05,0.48,VIP,West,58.29
T2082,2026-12-18,5,Online,116,Home & Kitchen,8.0,217.81,0.38,New,North,
T2083,2026-12-19,3,Online,119,Clothing,4.0,386.58,0.38,Regular,West,958.72
T2084,2026-12-20,10,In-store,110,Sports,1.0,476.6,0.28,Regular,South,343.15
T2085,2026-12-21,18,In-store,111,Home & Kitchen,6.0,426.57,0.29,Regular,South,1817.19
T2086,2026-12-22,9,In-store,103,Clothing,7.0,430.06,0.1,Regular,South,2709.38
T2087,2026-12-23,1,In-store,112,Clothing,4.0,307.24,0.02,Regular,Central,1204.38
T2088,2026-12-24,15,In-store,120,Beauty,10.0,495.97,0.25,New,North,3719.78
T2089,2026-12-25,17,Online,119,Home & Kitchen,9.0,460.3,0.46,VIP,Central,2237.06
T2090,2026-12-26,17,In-store,113,Clothing,10.0,477.13,0.14,VIP,North,4103.32
T2091,2026-12-27,11,Online,119,Clothing,6.0,496.9,0.41,New,North,1759.03
T2092,2026-12-28,3,Online,129,Clothing,5.0,429.73,0.02,New,North,2105.68
T2093,2026-12-29,19,Online,113,Clothing,6.0,42.19,0.41,Regular,East,149.35
T2094,2026-12-30,3,In-store,146,Electronics,2.0,362.22,0.0,VIP,South,724.44
T2095,2026-12-31,1,In-store,125,Sports,1.0,92.27,0.3,Regular,East,64.59
T2096,2027-01-01,6,Online,149,,3.0,187.48,0.31,New,South,388.08
T2097,2027-01-02,1,In-store,121,Clothing,4.0,164.57,0.41,New,North,388.39
T2098,2027-01-03,2,In-store,143,Sports,4.0,174.29,0.13,Regular,South,606.53
T2099,2027-01-04,16,In-store,101,Electronics,1.0,224.09,0.2,VIP,North,179.27
T2100,2027-01-05,3,In-store,147,Sports,2.0,125.44,0.02,VIP,North,245.86
T2101,2027-01-06,14,Online,140,Clothing,5.0,71.79,0.4,VIP,East,215.37
T2102,2027-01-07,11,In-store,103,Electronics,2.0,278.03,0.16,Regular,East,467.09
T2103,2027-01-08,17,In-store,111,Home & Kitchen,5.0,157.85,0.13,Regular,South,686.65
T2104,2027-01-09,12,In-store,128,Home & Kitchen,8.0,295.05,0.02,New,South,2313.19
T2105,2027-01-10,17,In-store,127,Beauty,8.0,228.38,0.33,Regular,Central,1224.12
T2106,2027-01-11,19,In-store,124,Clothing,9.0,303.8,0.05,New,East,2597.49
T2107,2027-01-12,1,Online,119,Sports,3.0,253.18,0.07,VIP,South,706.37
T2108,2027-01-13,3,Online,131,Home & Kitchen,1.0,55.79,0.31,Regular,West,38.5
T2109,2027-01-14,6,In-store,138,Electronics,6.0,389.4,0.01,New,West,2313.04
T2110,2027-01-15,11,Online,140,Clothing,9.0,43.38,0.48,Regular,East,203.02
T2111,2027-01-16,3,Online,108,Beauty,5.0,495.9,0.23,Regular,South,1909.22
T2112,2027-01-17,18,In-store,124,Sports,5.0,229.6,0.12,Regular,East,1010.24
T2113,2027-01-18,1,In-store,118,Electronics,6.0,57.44,0.17,New,East,286.05
T2114,2027-01-19,3,In-store,141,Clothing,8.0,411.99,0.05,Regular,South,3131.12
T2115,2027-01-20,8,In-store,136,Home & Kitchen,2.0,318.48,0.36,Regular,West,407.65
T2116,2027-01-21,12,In-store,105,Clothing,4.0,230.56,0.12,VIP,West,811.57
T2117,2027-01-22,15,In-store,145,Beauty,1.0,361.41,0.04,New,South,346.95
T2118,2027-01-23,16,Online,136,Sports,8.0,385.33,0.03,Regular,South,2990.16
T2119,2027-01-24,19,In-store,123,Beauty,1.0,384.91,0.11,VIP,East,342.57
T2120,2027-01-25,8,In-store,117,Sports,1.0,109.67,0.36,Regular,West,70.19
T2121,2027-01-26,19,Online,146,Beauty,8.0,350.79,0.1,Regular,South,2525.69
T2122,2027-01-27,20,Online,130,Sports,6.0,443.04,0.39,New,North,1621.53
T2123,2027-01-28,17,Online,116,Clothing,3.0,424.3,0.31,Regular,East,878.3
T2124,2027-01-29,17,Online,148,Home & Kitchen,5.0,250.48,0.11,Regular,West,1114.64
T2125,2027-01-30,15,Online,117,Home & Kitchen,2.0,288.79,0.02,New,South,566.03
T2126,2027-01-31,16,In-store,124,Electronics,9.0,337.11,0.18,New,East,2487.87
T2127,2027-02-01,2,Online,143,Electronics,1.0,218.04,0.17,New,North,180.97
T2128,2027-02-02,20,In-store,118,Beauty,10.0,264.34,0.21,Regular,Central,2088.29
T2129,2027-02-03,7,In-store,144,Sports,9.0,239.27,0.27,Regular,West,1572.0
T2130,2027-02-04,19,In-store,148,Clothing,6.0,404.98,0.28,New,Central,1749.51
T2131,2027-02-05,10,In-store,128,Sports,9.0,178.66,0.41,VIP,West,948.68
T2132,2027-02-06,2,Online,102,Sports,1.0,194.51,0.08,New,Central,178.95
T2133,2027-02-07,4,In-store,130,Sports,1.0,426.21,0.36,New,Central,272.77
T2134,2027-02-08,11,Online,137,Clothing,3.0,143.0,0.25,New,South,321.75
T2135,2027-02-09,3,Online,146,Sports,2.0,411.34,0.25,Regular,East,617.01
T2136,2027-02-10,4,Online,120,Electronics,4.0,113.97,0.36,New,East,291.76
T2137,2027-02-11,10,Online,145,Clothing,3.0,403.67,0.18,VIP,South,993.03
T2138,2027-02-12,13,In-store,112,Beauty,9.0,192.54,0.18,New,North,1420.95
T2139,2027-02-13,12,Online,139,Electronics,2.0,244.5,0.33,VIP,West,327.63
T2140,2027-02-14,9,In-store,137,Beauty,1.0,433.14,0.46,Regular,South,233.9
T2141,2027-02-15,10,In-store,144,Home & Kitchen,10.0,348.1,0.39,VIP,West,2123.41
T2142,2027-02-16,4,Online,117,Sports,8.0,289.68,0.19,Regular,Central,1877.13
T2143,2027-02-17,6,In-store,134,Clothing,5.0,383.49,0.47,Regular,West,1016.25
T2144,2027-02-18,17,Online,141,Beauty,5.0,252.81,0.19,VIP,West,1023.88
T2145,2027-02-19,6,Online,112,Beauty,6.0,63.43,0.37,New,Central,239.77
T2146,2027-02-20,9,Online,117,Home & Kitchen,9.0,219.18,0.47,VIP,West,1045.49
T2147,2027-02-21,5,In-store,108,,1.0,163.16,0.43,New,East,93.0
T2148,2027-02-22,17,Online,114,Beauty,4.0,31.71,0.44,New,East,71.03
T2149,2027-02-23,17,In-store,120,Sports,8.0,473.44,0.2,New,East,3030.02
T2150,2027-02-24,20,Online,110,Home & Kitchen,10.0,449.34,0.03,New,West,4358.6
T2151,2027-02-25,11,In-store,127,Sports,1.0,102.58,0.46,Regular,South,55.39
T2152,2027-02-26,1,Online,113,Sports,3.0,74.91,0.48,New,West,116.86
T2153,2027-02-27,10,In-store,129,Electronics,7.0,43.87,0.38,New,East,190.4
T2154,2027-02-28,5,Online,119,,10.0,183.33,0.14,Regular,East,1576.64
T2155,2027-03-01,16,Online,115,Home & Kitchen,6.0,387.06,0.03,Regular,East,2252.69
T2156,2027-03-02,18,Online,129,Beauty,7.0,226.06,0.05,VIP,East,1503.3
T2157,2027-03-03,1,In-store,127,Home & Kitchen,9.0,409.86,0.16,VIP,Central,3098.54
T2158,2027-03-04,3,In-store,103,Clothing,4.0,422.02,0.02,Regular,North,1654.32
T2159,2027-03-05,13,Online,107,Clothing,10.0,52.6,0.22,VIP,Central,410.28
T2160,2027-03-06,14,Online,142,Clothing,4.0,413.22,0.46,VIP,West,892.56
T2161,2027-03-07,14,In-store,139,Beauty,3.0,242.03,0.05,VIP,North,689.79
T2162,2027-03-08,17,In-store,130,Sports,4.0,483.06,0.19,VIP,North,1565.11
T2163,2027-03-09,8,Online,147,,4.0,34.1,0.1,VIP,West,122.76
T2164,2027-03-10,3,Online,144,Home & Kitchen,7.0,222.19,0.15,Regular,East,1322.03
T2165,2027-03-11,20,Online,110,Home & Kitchen,6.0,342.54,0.46,Regular,Central,1109.83
T2166,2027-03-12,12,In-store,123,Home & Kitchen,4.0,358.51,0.34,New,West,946.47
T2167,2027-03-13,3,Online,143,Sports,2.0,392.56,0.49,Regular,North,400.41
T2168,2027-03-14,1,Online,133,Beauty,5.0,126.65,0.44,New,East,354.62
T2169,2027-03-15,9,In-store,120,Sports,1.0,211.39,0.18,VIP,North,173.34
T2170,2027-03-16,17,In-store,148,Clothing,3.0,193.12,0.39,New,West,353.41
T2171,2027-03-17,8,In-store,125,Home & Kitchen,2.0,333.52,0.01,VIP,West,660.37
T2172,2027-03-18,9,In-store,110,Home & Kitchen,6.0,138.56,0.24,Regular,West,631.83
T2173,2027-03-19,3,In-store,123,Clothing,10.0,398.65,0.38,Regular,North,2471.63
T2174,2027-03-20,10,In-store,101,Sports,3.0,186.13,0.15,Regular,South,474.63
T2175,2027-03-21,10,In-store,110,Sports,10.0,117.35,0.26,Regular,Central,868.39
T2176,2027-03-22,1,Online,116,Home & Kitchen,2.0,63.21,0.45,VIP,South,69.53
T2177,2027-03-23,16,Online,110,Beauty,8.0,19.96,0.37,New,North,100.6
T2178,2027-03-24,6,Online,107,Sports,2.0,170.27,0.3,VIP,South,238.38
T2179,2027-03-25,16,In-store,110,Clothing,5.0,69.91,0.5,New,East,174.77
T2180,2027-03-26,5,Online,106,Home & Kitchen,10.0,404.32,0.27,VIP,South,2951.54
T2181,2027-03-27,14,In-store,136,Sports,1.0,346.54,0.25,Regular,North,259.91
T2182,2027-03-28,16,In-store,123,Clothing,3.0,395.23,0.17,Regular,South,984.12
T2183,2027-03-29,2,In-store,143,Electronics,1.0,478.67,0.44,New,West,268.06
T2184,2027-03-30,19,In-store,106,,8.0,101.16,0.39,New,East,493.66
T2185,2027-03-31,13,In-store,137,Home & Kitchen,6.0,214.98,0.14,VIP,Central,
T2186,2027-04-01,4,In-store,137,Home & Kitchen,7.0,170.49,0.41,Regular,South,704.12
T2187,2027-04-02,5,Online,131,Home & Kitchen,7.0,460.19,0.38,New,Central,1997.22
T2188,2027-04-03,20,In-store,132,Sports,4.0,311.76,0.4,Regular,East,748.22
T2189,2027-04-04,1,Online,121,Beauty,2.0,339.09,0.11,New,South,603.58
T2190,2027-04-05,2,Online,140,Beauty,9.0,352.57,0.43,New,West,1808.68
T2191,2027-04-06,3,In-store,113,,1.0,235.8,0.37,Regular,West,148.55
T2192,2027-04-07,3,Online,101,Beauty,6.0,484.32,0.16,Regular,Central,2440.97
T2193,2027-04-08,17,Online,131,Beauty,2.0,98.97,0.27,New,North,144.5
T2194,2027-04-09,11,Online,121,Home & Kitchen,4.0,365.92,0.0,VIP,West,1463.68
T2195,2027-04-10,3,Online,142,Electronics,3.0,294.04,0.26,Regular,South,652.77
T2196,2027-04-11,3,In-store,140,Beauty,10.0,331.67,0.42,New,Central,1923.69
T2197,2027-04-12,2,Online,134,Electronics,10.0,393.45,0.12,Regular,South,3462.36
T2198,2027-04-13,6,Online,150,Beauty,7.0,304.66,0.03,VIP,East,2068.64
T2199,2027-04-14,15,In-store,101,Sports,7.0,89.22,0.33,New,Central,418.44
